TIME,GPU_ID,CPU%,MEM%,GPU%,GPUMEM%,CXLMEM%,PCI_TX_MBps,PCI_RX_MBps,PRODUCT,PCI_INFO,GPUMEM_USED_MB, GPUMEM_TOTAL_MB,CXL_PMEM_USED_MB,PERFORMANCE_STATE,GPU_TEMPERATURE_C
2023-07-14 07:58:38,0,3.3,55.6,0,0,99.55590443492154,0.9765625,0.9765625,NVIDIA A10,1Gen-16xlanes,530.375, 23028.0,8.0,P8,52
2023-07-14 07:58:39,0,2.4,55.9,6,0,99.55800259572464,1.953125,0.9765625,NVIDIA A10,4Gen-16xlanes,872.5, 23028.0,8.0,P0,54
2023-07-14 07:58:40,0,2.4,57.4,2,0,99.55800259572464,0.0,0.0,NVIDIA A10,4Gen-16xlanes,882.5, 23028.0,8.0,P0,54
2023-07-14 07:58:41,0,19.1,58.7,0,0,99.55687025497377,1.953125,16.6015625,NVIDIA A10,4Gen-16xlanes,892.5, 23028.0,8.0,P0,54
2023-07-14 07:58:42,0,50.3,59.9,1,0,99.55649785413858,0.9765625,16.6015625,NVIDIA A10,4Gen-16xlanes,900.5, 23028.0,8.0,P0,55
2023-07-14 07:58:43,0,50.4,61.1,1,0,99.55613150860154,1.953125,0.0,NVIDIA A10,4Gen-16xlanes,910.5, 23028.0,8.0,P0,55
2023-07-14 07:58:45,0,50.5,62.3,1,0,99.55600434734075,0.0,66.40625,NVIDIA A10,4Gen-16xlanes,918.5, 23028.0,8.0,P0,55
2023-07-14 07:58:46,0,50.3,63.4,1,0,99.55581360544954,0.9765625,0.0,NVIDIA A10,4Gen-16xlanes,926.5, 23028.0,8.0,P0,55
2023-07-14 07:58:47,0,50.2,64.6,0,0,99.55581360544954,0.0,0.0,NVIDIA A10,4Gen-16xlanes,936.5, 23028.0,8.0,P0,55
2023-07-14 07:58:48,0,50.3,65.7,1,0,99.55581360544954,0.0,66.40625,NVIDIA A10,4Gen-16xlanes,944.5, 23028.0,8.0,P0,55
2023-07-14 07:58:49,0,50.4,66.9,1,0,99.55541395577276,5.859375,0.0,NVIDIA A10,4Gen-16xlanes,952.5, 23028.0,8.0,P0,55
2023-07-14 07:58:50,0,50.5,68.0,1,0,99.55525046272318,0.0,20.5078125,NVIDIA A10,4Gen-16xlanes,962.5, 23028.0,8.0,P0,56
2023-07-14 07:58:51,0,50.3,69.2,1,0,99.55505972083199,1.953125,16.6015625,NVIDIA A10,4Gen-16xlanes,970.5, 23028.0,8.0,P0,56
2023-07-14 07:58:52,0,50.3,70.4,1,0,99.55505972083199,1.953125,16.6015625,NVIDIA A10,4Gen-16xlanes,978.5, 23028.0,8.0,P0,56
2023-07-14 07:58:54,0,50.4,71.6,0,0,99.55505972083199,0.0,0.0,NVIDIA A10,4Gen-16xlanes,988.5, 23028.0,8.0,P0,56
2023-07-14 07:58:55,0,50.4,72.8,1,0,99.55505972083199,5.859375,6.8359375,NVIDIA A10,4Gen-16xlanes,996.5, 23028.0,8.0,P0,56
2023-07-14 07:58:56,0,23.9,73.5,8,0,99.55486897894079,46.875,506.8359375,NVIDIA A10,4Gen-16xlanes,3224.5, 23028.0,8.0,P0,56
2023-07-14 07:58:57,0,1.9,73.6,99,79,99.55486897894079,849.609375,761.71875,NVIDIA A10,4Gen-16xlanes,3942.5, 23028.0,8.0,P0,60
2023-07-14 07:58:58,0,1.9,73.6,99,80,99.5546782370496,4.8828125,16207.03125,NVIDIA A10,4Gen-16xlanes,3942.5, 23028.0,8.0,P0,61
2023-07-14 07:58:59,0,2.0,73.6,99,80,99.5546782370496,848.6328125,17.578125,NVIDIA A10,4Gen-16xlanes,3942.5, 23028.0,8.0,P0,61
2023-07-14 07:59:00,0,2.2,73.6,99,80,99.55448749515841,5.859375,759.765625,NVIDIA A10,4Gen-16xlanes,3942.5, 23028.0,8.0,P0,62
2023-07-14 07:59:02,0,1.9,73.6,99,81,99.55448749515841,849.609375,10726.5625,NVIDIA A10,4Gen-16xlanes,3942.5, 23028.0,8.0,P0,63
2023-07-14 07:59:03,0,1.8,73.6,100,79,99.55448749515841,685.546875,1270.5078125,NVIDIA A10,4Gen-16xlanes,3942.5, 23028.0,8.0,P0,63
2023-07-14 07:59:04,0,2.0,73.6,100,78,99.55448749515841,849.609375,1448.2421875,NVIDIA A10,4Gen-16xlanes,3942.5, 23028.0,8.0,P0,64
2023-07-14 07:59:05,0,1.9,73.6,100,78,99.55429675326722,848.6328125,18.5546875,NVIDIA A10,4Gen-16xlanes,3942.5, 23028.0,8.0,P0,64
2023-07-14 07:59:06,0,1.9,73.6,99,78,99.55429675326722,764.6484375,757.8125,NVIDIA A10,4Gen-16xlanes,3942.5, 23028.0,8.0,P0,65
2023-07-14 07:59:07,0,1.8,73.6,100,79,99.55429675326722,1025.390625,1089.84375,NVIDIA A10,4Gen-16xlanes,3942.5, 23028.0,8.0,P0,65
2023-07-14 07:59:08,0,2.0,73.6,100,79,99.55410601137602,4.8828125,17883.7890625,NVIDIA A10,4Gen-16xlanes,3942.5, 23028.0,8.0,P0,65
2023-07-14 07:59:10,0,2.3,73.6,100,79,99.55391526948483,849.609375,18.5546875,NVIDIA A10,4Gen-16xlanes,3942.5, 23028.0,8.0,P0,66
2023-07-14 07:59:11,0,2.0,73.6,90,74,99.55391526948483,1987.3046875,756.8359375,NVIDIA A10,4Gen-16xlanes,3942.5, 23028.0,8.0,P0,66
2023-07-14 07:59:12,0,1.8,73.8,47,29,99.55372452759364,4.8828125,20.5078125,NVIDIA A10,4Gen-16xlanes,6758.5, 23028.0,8.0,P0,66
2023-07-14 07:59:13,0,77.5,74.0,100,56,99.55372452759364,3.90625,11816.40625,NVIDIA A10,4Gen-16xlanes,7838.5, 23028.0,8.0,P0,66
2023-07-14 07:59:14,0,28.3,74.1,100,65,99.55334304381127,9464.84375,15.625,NVIDIA A10,4Gen-16xlanes,7838.5, 23028.0,8.0,P0,67
2023-07-14 07:59:15,0,44.3,74.1,100,45,99.55315230192006,3.90625,11.71875,NVIDIA A10,4Gen-16xlanes,7838.5, 23028.0,8.0,P0,68
2023-07-14 07:59:17,0,71.1,74.3,100,74,99.55294339413449,2.9296875,9.765625,NVIDIA A10,4Gen-16xlanes,7838.5, 23028.0,8.0,P0,68
2023-07-14 07:59:18,0,23.0,74.3,100,64,99.55277990108489,13693.359375,9449.21875,NVIDIA A10,4Gen-16xlanes,7838.5, 23028.0,8.0,P0,68
2023-07-14 07:59:19,0,49.9,74.4,100,45,99.55277990108489,3.90625,11.71875,NVIDIA A10,4Gen-16xlanes,7838.5, 23028.0,8.0,P0,69
2023-07-14 07:59:20,0,69.2,74.5,100,67,99.5525891591937,3.90625,10.7421875,NVIDIA A10,4Gen-16xlanes,7838.5, 23028.0,8.0,P0,69
2023-07-14 07:59:21,0,21.9,74.6,100,65,99.55239841730251,2.9296875,32.2265625,NVIDIA A10,4Gen-16xlanes,7838.5, 23028.0,8.0,P0,69
2023-07-14 07:59:22,0,54.6,74.6,100,41,99.55239841730251,2.9296875,6875.9765625,NVIDIA A10,4Gen-16xlanes,7838.5, 23028.0,8.0,P0,70
2023-07-14 07:59:23,0,64.6,74.8,100,64,99.55239841730251,3.90625,12.6953125,NVIDIA A10,4Gen-16xlanes,7838.5, 23028.0,8.0,P0,70
2023-07-14 07:59:25,0,23.7,74.8,100,65,99.55221070306038,5.859375,13.671875,NVIDIA A10,4Gen-16xlanes,7838.5, 23028.0,8.0,P0,70
2023-07-14 07:59:26,0,55.4,74.9,100,47,99.55221070306038,2.9296875,11.71875,NVIDIA A10,4Gen-16xlanes,7838.5, 23028.0,8.0,P0,71
2023-07-14 07:59:27,0,63.9,75.0,100,67,99.55221070306038,3.90625,11.71875,NVIDIA A10,4Gen-16xlanes,7838.5, 23028.0,8.0,P0,71
2023-07-14 07:59:28,0,22.6,75.0,100,47,99.55221070306038,2.9296875,23.4375,NVIDIA A10,4Gen-16xlanes,7838.5, 23028.0,8.0,P0,71
2023-07-14 07:59:29,0,58.2,75.1,100,46,99.55221070306038,2.9296875,10.7421875,NVIDIA A10,4Gen-16xlanes,7838.5, 23028.0,8.0,P0,72
2023-07-14 07:59:30,0,60.9,75.2,100,64,99.55221070306038,8513.671875,17.578125,NVIDIA A10,4Gen-16xlanes,7838.5, 23028.0,8.0,P0,72
2023-07-14 07:59:31,0,24.9,75.3,100,64,99.55221070306038,2.9296875,10.7421875,NVIDIA A10,4Gen-16xlanes,7838.5, 23028.0,8.0,P0,72
2023-07-14 07:59:33,0,59.7,75.3,100,69,99.55221070306038,2.9296875,10.7421875,NVIDIA A10,4Gen-16xlanes,7838.5, 23028.0,8.0,P0,72
2023-07-14 07:59:34,0,57.2,75.5,95,63,99.55221070306038,6.8359375,21792.96875,NVIDIA A10,4Gen-16xlanes,7838.5, 23028.0,8.0,P0,72
2023-07-14 07:59:35,0,20.6,75.5,100,45,99.55221070306038,6.8359375,11823.2421875,NVIDIA A10,4Gen-16xlanes,7838.5, 23028.0,8.0,P0,72
2023-07-14 07:59:36,0,67.6,75.6,100,45,99.55221070306038,3.90625,12.6953125,NVIDIA A10,4Gen-16xlanes,7838.5, 23028.0,8.0,P0,73
2023-07-14 07:59:37,0,50.9,75.7,100,64,99.55221070306038,4.8828125,18.5546875,NVIDIA A10,4Gen-16xlanes,7838.5, 23028.0,8.0,P0,73
2023-07-14 07:59:38,0,22.7,75.7,100,37,99.55221070306038,6.8359375,10.7421875,NVIDIA A10,4Gen-16xlanes,7838.5, 23028.0,8.0,P0,73
2023-07-14 07:59:39,0,71.5,75.9,100,45,99.55221070306038,2.9296875,11816.40625,NVIDIA A10,4Gen-16xlanes,7838.5, 23028.0,8.0,P0,73
2023-07-14 07:59:41,0,45.8,76.0,100,64,99.55221070306038,3717.7734375,13.671875,NVIDIA A10,4Gen-16xlanes,7838.5, 23028.0,8.0,P0,74
2023-07-14 07:59:42,0,26.3,76.0,100,39,99.55221070306038,2.9296875,14.6484375,NVIDIA A10,4Gen-16xlanes,7838.5, 23028.0,8.0,P0,74
2023-07-14 07:59:43,0,72.0,76.1,100,44,99.55221070306038,2.9296875,10.7421875,NVIDIA A10,4Gen-16xlanes,7838.5, 23028.0,8.0,P0,74
2023-07-14 07:59:44,0,38.1,76.2,100,64,99.55221070306038,9.765625,23.4375,NVIDIA A10,4Gen-16xlanes,7838.5, 23028.0,8.0,P0,74
2023-07-14 07:59:45,0,35.7,76.3,100,46,99.55221070306038,2.9296875,10.7421875,NVIDIA A10,4Gen-16xlanes,7838.5, 23028.0,8.0,P0,74
2023-07-14 07:59:46,0,73.2,76.4,98,57,99.55221070306038,256.8359375,13.671875,NVIDIA A10,4Gen-16xlanes,7838.5, 23028.0,8.0,P0,74
2023-07-14 07:59:48,0,30.5,76.4,100,64,99.55221070306038,3.90625,11.71875,NVIDIA A10,4Gen-16xlanes,7838.5, 23028.0,8.0,P0,75
2023-07-14 07:59:49,0,41.9,76.5,100,45,99.55221070306038,4.8828125,10.7421875,NVIDIA A10,4Gen-16xlanes,7838.5, 23028.0,8.0,P0,75
2023-07-14 07:59:50,0,73.9,76.6,100,65,99.55221070306038,2.9296875,10.7421875,NVIDIA A10,4Gen-16xlanes,7838.5, 23028.0,8.0,P0,75
2023-07-14 07:59:51,0,20.8,76.7,100,64,99.55221070306038,9.765625,27.34375,NVIDIA A10,4Gen-16xlanes,7838.5, 23028.0,8.0,P0,75
2023-07-14 07:59:52,0,53.1,76.8,100,45,99.55221070306038,2.9296875,4405.2734375,NVIDIA A10,4Gen-16xlanes,7838.5, 23028.0,8.0,P0,75
2023-07-14 07:59:53,0,64.3,76.9,100,63,99.55221070306038,3.90625,11.71875,NVIDIA A10,4Gen-16xlanes,7838.5, 23028.0,8.0,P0,75
2023-07-14 07:59:54,0,21.8,76.9,100,47,99.55221070306038,2.9296875,16.6015625,NVIDIA A10,4Gen-16xlanes,7838.5, 23028.0,8.0,P0,75
2023-07-14 07:59:56,0,57.9,77.0,100,45,99.55221070306038,2.9296875,10.7421875,NVIDIA A10,4Gen-16xlanes,7838.5, 23028.0,8.0,P0,75
2023-07-14 07:59:57,0,58.7,77.1,96,60,99.55221070306038,20489.2578125,892.578125,NVIDIA A10,4Gen-16xlanes,7838.5, 23028.0,8.0,P0,75
2023-07-14 07:59:58,0,19.2,77.2,100,38,99.55221070306038,9.765625,22.4609375,NVIDIA A10,4Gen-16xlanes,7838.5, 23028.0,8.0,P0,75
2023-07-14 07:59:59,0,71.6,77.3,100,45,99.55221070306038,11303.7109375,18.5546875,NVIDIA A10,4Gen-16xlanes,7838.5, 23028.0,8.0,P0,76
2023-07-14 08:00:00,0,46.2,77.4,96,60,99.55221070306038,770.5078125,13.671875,NVIDIA A10,4Gen-16xlanes,7838.5, 23028.0,8.0,P0,76
2023-07-14 08:00:01,0,27.8,77.4,100,41,99.55221070306038,3.90625,12.6953125,NVIDIA A10,4Gen-16xlanes,7838.5, 23028.0,8.0,P0,76
2023-07-14 08:00:02,0,77.0,77.5,100,38,99.55221070306038,3.90625,13.671875,NVIDIA A10,4Gen-16xlanes,7838.5, 23028.0,8.0,P0,76
2023-07-14 08:00:03,0,34.1,77.6,100,66,99.55221070306038,4.8828125,16.6015625,NVIDIA A10,4Gen-16xlanes,7838.5, 23028.0,8.0,P0,76
2023-07-14 08:00:05,0,41.9,77.7,100,46,99.55221070306038,3.90625,12.6953125,NVIDIA A10,4Gen-16xlanes,7838.5, 23028.0,8.0,P0,76
2023-07-14 08:00:06,0,72.8,77.8,98,66,99.55221070306038,2.9296875,10.7421875,NVIDIA A10,4Gen-16xlanes,7838.5, 23028.0,8.0,P0,76
2023-07-14 08:00:07,0,19.7,77.8,100,63,99.55221070306038,6.8359375,29.296875,NVIDIA A10,4Gen-16xlanes,7838.5, 23028.0,8.0,P0,76
2023-07-14 08:00:08,0,53.6,77.9,100,42,99.55221070306038,2.9296875,8.7890625,NVIDIA A10,4Gen-16xlanes,7838.5, 23028.0,8.0,P0,76
2023-07-14 08:00:09,0,63.2,78.0,100,63,99.55221070306038,3.90625,11.71875,NVIDIA A10,4Gen-16xlanes,7838.5, 23028.0,8.0,P0,76
2023-07-14 08:00:10,0,24.2,78.1,100,55,99.55221070306038,2.9296875,14.6484375,NVIDIA A10,4Gen-16xlanes,7838.5, 23028.0,8.0,P0,76
2023-07-14 08:00:11,0,58.2,78.2,100,44,99.55221070306038,2.9296875,10.7421875,NVIDIA A10,4Gen-16xlanes,7838.5, 23028.0,8.0,P0,77
2023-07-14 08:00:13,0,58.8,78.3,100,64,99.55221070306038,19009.765625,1868.1640625,NVIDIA A10,4Gen-16xlanes,7838.5, 23028.0,8.0,P0,76
2023-07-14 08:00:14,0,21.6,78.3,100,64,99.55221070306038,17447.265625,3908.203125,NVIDIA A10,4Gen-16xlanes,7838.5, 23028.0,8.0,P0,76
2023-07-14 08:00:15,0,66.5,78.4,100,47,99.55221070306038,3.90625,12.6953125,NVIDIA A10,4Gen-16xlanes,7838.5, 23028.0,8.0,P0,77
2023-07-14 08:00:16,0,51.0,78.5,100,64,99.55221070306038,4.8828125,19.53125,NVIDIA A10,4Gen-16xlanes,7838.5, 23028.0,8.0,P0,77
2023-07-14 08:00:17,0,23.3,78.5,100,39,99.55221070306038,3.90625,19.53125,NVIDIA A10,4Gen-16xlanes,7838.5, 23028.0,8.0,P0,77
2023-07-14 08:00:18,0,72.4,78.7,100,45,99.55221070306038,2.9296875,10.7421875,NVIDIA A10,4Gen-16xlanes,7838.5, 23028.0,8.0,P0,77
2023-07-14 08:00:20,0,39.8,78.8,100,63,99.55221070306038,5.859375,7094.7265625,NVIDIA A10,4Gen-16xlanes,7838.5, 23028.0,8.0,P0,76
2023-07-14 08:00:21,0,35.5,78.8,100,46,99.55221070306038,2.9296875,10.7421875,NVIDIA A10,4Gen-16xlanes,7838.5, 23028.0,8.0,P0,77
2023-07-14 08:00:22,0,74.3,78.9,100,62,99.55221070306038,142.578125,13.671875,NVIDIA A10,4Gen-16xlanes,7838.5, 23028.0,8.0,P0,77
2023-07-14 08:00:23,0,29.9,79.0,100,64,99.55221070306038,9415.0390625,13.671875,NVIDIA A10,4Gen-16xlanes,7838.5, 23028.0,8.0,P0,77
2023-07-14 08:00:24,0,43.3,79.1,100,38,99.55221070306038,3.90625,11.71875,NVIDIA A10,4Gen-16xlanes,7838.5, 23028.0,8.0,P0,77
2023-07-14 08:00:25,0,71.1,79.2,100,58,99.55221070306038,2.9296875,10.7421875,NVIDIA A10,4Gen-16xlanes,7838.5, 23028.0,8.0,P0,77
2023-07-14 08:00:26,0,21.2,79.2,100,63,99.55221070306038,9.765625,29.296875,NVIDIA A10,4Gen-16xlanes,7838.5, 23028.0,8.0,P0,77
2023-07-14 08:00:28,0,53.7,79.3,100,42,99.55221070306038,2.9296875,9.765625,NVIDIA A10,4Gen-16xlanes,7838.5, 23028.0,8.0,P0,77
2023-07-14 08:00:29,0,63.6,79.5,100,67,99.55221070306038,3.90625,11.71875,NVIDIA A10,4Gen-16xlanes,7838.5, 23028.0,8.0,P0,77
2023-07-14 08:00:30,0,22.8,79.5,100,64,99.55221070306038,2.9296875,13.671875,NVIDIA A10,4Gen-16xlanes,7838.5, 23028.0,8.0,P0,77
2023-07-14 08:00:31,0,57.9,79.6,100,46,99.55221070306038,2.9296875,10.7421875,NVIDIA A10,4Gen-16xlanes,7838.5, 23028.0,8.0,P0,77
2023-07-14 08:00:32,0,59.5,79.7,100,63,99.55221070306038,17170.8984375,3176.7578125,NVIDIA A10,4Gen-16xlanes,7838.5, 23028.0,8.0,P0,77
2023-07-14 08:00:33,0,20.2,79.7,100,39,99.55221070306038,20167.96875,17.578125,NVIDIA A10,4Gen-16xlanes,7838.5, 23028.0,8.0,P0,78
2023-07-14 08:00:35,0,63.6,79.8,100,46,99.55221070306038,2.9296875,12.6953125,NVIDIA A10,4Gen-16xlanes,7838.5, 23028.0,8.0,P0,78
2023-07-14 08:00:36,0,52.7,79.9,100,63,99.55221070306038,2.9296875,29.296875,NVIDIA A10,4Gen-16xlanes,7838.5, 23028.0,8.0,P0,77
2023-07-14 08:00:37,0,20.8,80.0,100,45,99.55221070306038,4.8828125,17.578125,NVIDIA A10,4Gen-16xlanes,7838.5, 23028.0,8.0,P0,78
2023-07-14 08:00:38,0,72.7,80.1,100,44,99.55221070306038,2.9296875,9.765625,NVIDIA A10,4Gen-16xlanes,7838.5, 23028.0,8.0,P0,78
2023-07-14 08:00:39,0,43.1,80.2,100,64,99.55221070306038,7111.328125,11.71875,NVIDIA A10,4Gen-16xlanes,7838.5, 23028.0,8.0,P0,78
2023-07-14 08:00:40,0,31.4,80.2,100,47,99.55221070306038,2234.375,15.625,NVIDIA A10,4Gen-16xlanes,7838.5, 23028.0,8.0,P0,78
2023-07-14 08:00:41,0,73.3,80.3,100,43,99.55221070306038,3.90625,12.6953125,NVIDIA A10,4Gen-16xlanes,7838.5, 23028.0,8.0,P0,78
2023-07-14 08:00:43,0,33.4,80.4,100,63,99.55221070306038,2.9296875,15.625,NVIDIA A10,4Gen-16xlanes,7838.5, 23028.0,8.0,P0,78
2023-07-14 08:00:44,0,39.8,80.5,100,44,99.55221070306038,3.90625,10.7421875,NVIDIA A10,4Gen-16xlanes,7838.5, 23028.0,8.0,P0,78
2023-07-14 08:00:45,0,73.0,80.6,100,53,99.55221070306038,2.9296875,10.7421875,NVIDIA A10,4Gen-16xlanes,7838.5, 23028.0,8.0,P0,78
2023-07-14 08:00:46,0,21.0,80.7,100,63,99.55221070306038,9.765625,29.296875,NVIDIA A10,4Gen-16xlanes,7838.5, 23028.0,8.0,P0,78
2023-07-14 08:00:47,0,53.5,80.7,100,45,99.55221070306038,6989.2578125,11822.265625,NVIDIA A10,4Gen-16xlanes,7838.5, 23028.0,8.0,P0,77
2023-07-14 08:00:48,0,64.5,80.9,99,64,99.55221070306038,2.9296875,10.7421875,NVIDIA A10,4Gen-16xlanes,7838.5, 23028.0,8.0,P0,78
2023-07-14 08:00:49,0,22.7,80.9,100,63,99.55221070306038,2.9296875,10.7421875,NVIDIA A10,4Gen-16xlanes,7838.5, 23028.0,8.0,P0,78
2023-07-14 08:00:51,0,60.1,81.0,100,44,99.55221070306038,3.90625,10.7421875,NVIDIA A10,4Gen-16xlanes,7838.5, 23028.0,8.0,P0,78
2023-07-14 08:00:52,0,55.5,81.1,100,63,99.55221070306038,9.765625,30.2734375,NVIDIA A10,4Gen-16xlanes,7838.5, 23028.0,8.0,P0,78
2023-07-14 08:00:53,0,19.5,81.1,100,40,99.55221070306038,3.90625,24.4140625,NVIDIA A10,4Gen-16xlanes,7838.5, 23028.0,8.0,P0,78
2023-07-14 08:00:54,0,73.8,81.3,100,68,99.55221070306038,3.90625,12.6953125,NVIDIA A10,4Gen-16xlanes,7838.5, 23028.0,8.0,P0,78
2023-07-14 08:00:55,0,40.1,81.3,100,63,99.55221070306038,6.8359375,9392.578125,NVIDIA A10,4Gen-16xlanes,7838.5, 23028.0,8.0,P0,78
2023-07-14 08:00:56,0,35.4,81.4,100,43,99.55221070306038,2.9296875,10.7421875,NVIDIA A10,4Gen-16xlanes,7838.5, 23028.0,8.0,P0,78
2023-07-14 08:00:57,0,74.2,81.5,100,41,99.55221070306038,5701.171875,11821.2890625,NVIDIA A10,4Gen-16xlanes,7838.5, 23028.0,8.0,P0,78
2023-07-14 08:00:58,0,23.7,81.6,100,63,99.55221070306038,7750.0,11827.1484375,NVIDIA A10,4Gen-16xlanes,7838.5, 23028.0,8.0,P0,78
2023-07-14 08:01:00,0,50.1,81.6,100,46,99.55221070306038,13359.375,649.4140625,NVIDIA A10,4Gen-16xlanes,7838.5, 23028.0,8.0,P0,78
2023-07-14 08:01:01,0,65.8,81.8,100,74,99.55221070306038,5.859375,18.5546875,NVIDIA A10,4Gen-16xlanes,7838.5, 23028.0,8.0,P0,78
2023-07-14 08:01:02,0,17.9,81.8,100,40,99.55221070306038,3.90625,11.71875,NVIDIA A10,4Gen-16xlanes,7838.5, 23028.0,8.0,P0,78
2023-07-14 08:01:03,0,62.9,81.9,100,38,99.55221070306038,2.9296875,11.71875,NVIDIA A10,4Gen-16xlanes,7838.5, 23028.0,8.0,P0,78
2023-07-14 08:01:04,0,54.2,81.9,100,61,99.55221070306038,2.9296875,33.203125,NVIDIA A10,4Gen-16xlanes,7838.5, 23028.0,8.0,P0,78
2023-07-14 08:01:05,0,21.2,82.0,100,44,99.55221070306038,3.90625,15.625,NVIDIA A10,4Gen-16xlanes,9240.5, 23028.0,8.0,P0,78
2023-07-14 08:01:07,0,28.1,81.9,98,82,99.55221070306038,13.671875,6701.171875,NVIDIA A10,4Gen-16xlanes,9508.5, 23028.0,8.0,P0,78
2023-07-14 08:01:08,0,50.3,81.9,98,83,99.55221070306038,791.9921875,13974.609375,NVIDIA A10,4Gen-16xlanes,9508.5, 23028.0,8.0,P0,78
2023-07-14 08:01:09,0,50.6,81.9,98,86,99.55221070306038,5.859375,44.921875,NVIDIA A10,4Gen-16xlanes,9508.5, 23028.0,8.0,P0,78
2023-07-14 08:01:10,0,50.7,81.9,98,91,99.55221070306038,870.1171875,2141.6015625,NVIDIA A10,4Gen-16xlanes,9508.5, 23028.0,8.0,P0,78
2023-07-14 08:01:11,0,50.6,81.9,98,92,99.55221070306038,317.3828125,48.828125,NVIDIA A10,4Gen-16xlanes,9508.5, 23028.0,8.0,P0,78
2023-07-14 08:01:12,0,51.0,81.9,98,89,99.55221070306038,763.671875,6700.1953125,NVIDIA A10,4Gen-16xlanes,9508.5, 23028.0,8.0,P0,78
2023-07-14 08:01:13,0,50.4,82.0,99,88,99.55221070306038,765.625,15873.046875,NVIDIA A10,4Gen-16xlanes,9508.5, 23028.0,8.0,P0,78
2023-07-14 08:01:15,0,51.9,82.0,98,85,99.55221070306038,5.859375,45.8984375,NVIDIA A10,4Gen-16xlanes,9508.5, 23028.0,8.0,P0,78
2023-07-14 08:01:16,0,51.7,81.9,98,84,99.55221070306038,96.6796875,8845.703125,NVIDIA A10,4Gen-16xlanes,9508.5, 23028.0,8.0,P0,78
2023-07-14 08:01:17,0,50.7,81.9,98,85,99.55221070306038,551.7578125,1502.9296875,NVIDIA A10,4Gen-16xlanes,9508.5, 23028.0,8.0,P0,78
2023-07-14 08:01:18,0,51.3,81.9,98,85,99.55221070306038,5.859375,26624.0234375,NVIDIA A10,4Gen-16xlanes,9508.5, 23028.0,8.0,P0,78
2023-07-14 08:01:19,0,50.7,82.0,98,86,99.55221070306038,32.2265625,3657.2265625,NVIDIA A10,4Gen-16xlanes,9508.5, 23028.0,8.0,P0,78
2023-07-14 08:01:20,0,50.9,81.9,98,84,99.55221070306038,7.8125,9761.71875,NVIDIA A10,4Gen-16xlanes,9508.5, 23028.0,8.0,P0,78
2023-07-14 08:01:21,0,46.0,81.9,99,85,99.55221070306038,9.765625,4029.296875,NVIDIA A10,4Gen-16xlanes,9508.5, 23028.0,8.0,P0,78
2023-07-14 08:01:22,0,50.1,81.9,99,88,99.55221070306038,5.859375,49.8046875,NVIDIA A10,4Gen-16xlanes,9508.5, 23028.0,8.0,P0,78
2023-07-14 08:01:24,0,50.5,81.9,99,85,99.55221070306038,806.640625,5084.9609375,NVIDIA A10,4Gen-16xlanes,9508.5, 23028.0,8.0,P0,78
2023-07-14 08:01:25,0,50.3,82.0,98,86,99.55221070306038,2494.140625,4477.5390625,NVIDIA A10,4Gen-16xlanes,9508.5, 23028.0,8.0,P0,78
2023-07-14 08:01:26,0,50.3,82.0,98,86,99.55221070306038,5.859375,6709.9609375,NVIDIA A10,4Gen-16xlanes,9508.5, 23028.0,8.0,P0,78
2023-07-14 08:01:27,0,50.3,82.0,98,86,99.55221070306038,31.25,44.921875,NVIDIA A10,4Gen-16xlanes,9508.5, 23028.0,8.0,P0,78
2023-07-14 08:01:28,0,50.4,82.0,98,83,99.55221070306038,44.921875,10012.6953125,NVIDIA A10,4Gen-16xlanes,9508.5, 23028.0,8.0,P0,78
2023-07-14 08:01:29,0,50.4,81.9,99,86,99.55221070306038,806.640625,6712.890625,NVIDIA A10,4Gen-16xlanes,9508.5, 23028.0,8.0,P0,78
2023-07-14 08:01:30,0,50.6,81.9,99,86,99.55221070306038,2630.859375,3278.3203125,NVIDIA A10,4Gen-16xlanes,9508.5, 23028.0,8.0,P0,78
2023-07-14 08:01:32,0,50.3,82.0,99,87,99.55221070306038,5.859375,6709.9609375,NVIDIA A10,4Gen-16xlanes,9508.5, 23028.0,8.0,P0,78
2023-07-14 08:01:33,0,50.4,82.0,99,88,99.55221070306038,1182.6171875,45.8984375,NVIDIA A10,4Gen-16xlanes,9508.5, 23028.0,8.0,P0,78
2023-07-14 08:01:34,0,50.4,82.0,99,85,99.55221070306038,44.921875,1119.140625,NVIDIA A10,4Gen-16xlanes,9508.5, 23028.0,8.0,P0,78
2023-07-14 08:01:35,0,50.4,82.0,99,85,99.55221070306038,145.5078125,6714.84375,NVIDIA A10,4Gen-16xlanes,9508.5, 23028.0,8.0,P0,78
2023-07-14 08:01:36,0,50.4,82.0,98,82,99.55221070306038,598.6328125,1100.5859375,NVIDIA A10,4Gen-16xlanes,9508.5, 23028.0,8.0,P0,78
2023-07-14 08:01:37,0,45.9,82.0,99,86,99.55221070306038,793.9453125,13410.15625,NVIDIA A10,4Gen-16xlanes,9508.5, 23028.0,8.0,P0,78
2023-07-14 08:01:38,0,50.4,82.0,98,92,99.55221070306038,396.484375,44.921875,NVIDIA A10,4Gen-16xlanes,9508.5, 23028.0,8.0,P0,78
2023-07-14 08:01:39,0,50.4,82.0,98,91,99.55221070306038,45.8984375,10013.671875,NVIDIA A10,4Gen-16xlanes,9508.5, 23028.0,8.0,P0,78
2023-07-14 08:01:41,0,50.6,82.0,99,89,99.55221070306038,106.4453125,6727.5390625,NVIDIA A10,4Gen-16xlanes,9508.5, 23028.0,8.0,P0,78
2023-07-14 08:01:42,0,50.3,82.0,99,86,99.55221070306038,3069.3359375,22.4609375,NVIDIA A10,4Gen-16xlanes,9508.5, 23028.0,8.0,P0,78
2023-07-14 08:01:43,0,50.3,82.0,99,85,99.55221070306038,5.859375,6722.65625,NVIDIA A10,4Gen-16xlanes,9508.5, 23028.0,8.0,P0,78
2023-07-14 08:01:44,0,50.4,82.0,98,85,99.55221070306038,6.8359375,44.921875,NVIDIA A10,4Gen-16xlanes,9508.5, 23028.0,8.0,P0,78
2023-07-14 08:01:45,0,50.3,82.0,98,82,99.55221070306038,45.8984375,10013.671875,NVIDIA A10,4Gen-16xlanes,9508.5, 23028.0,8.0,P0,78
2023-07-14 08:01:46,0,50.4,82.0,98,84,99.55221070306038,380.859375,3104.4921875,NVIDIA A10,4Gen-16xlanes,9508.5, 23028.0,8.0,P0,78
2023-07-14 08:01:47,0,50.5,82.0,98,83,99.55221070306038,6.8359375,26650.390625,NVIDIA A10,4Gen-16xlanes,9508.5, 23028.0,8.0,P0,78
2023-07-14 08:01:49,0,50.5,82.0,98,82,99.55221070306038,5.859375,44.921875,NVIDIA A10,4Gen-16xlanes,9508.5, 23028.0,8.0,P0,78
2023-07-14 08:01:50,0,50.5,82.0,99,86,99.55221070306038,44.921875,10012.6953125,NVIDIA A10,4Gen-16xlanes,9508.5, 23028.0,8.0,P0,78
2023-07-14 08:01:51,0,50.4,82.0,99,86,99.55221070306038,5.859375,6722.65625,NVIDIA A10,4Gen-16xlanes,9508.5, 23028.0,8.0,P0,78
2023-07-14 08:01:52,0,47.7,82.0,99,88,99.55221070306038,1168.9453125,44.921875,NVIDIA A10,4Gen-16xlanes,9508.5, 23028.0,8.0,P0,78
2023-07-14 08:01:53,0,48.8,82.0,99,84,99.55221070306038,808.59375,4596.6796875,NVIDIA A10,4Gen-16xlanes,9508.5, 23028.0,8.0,P0,78
2023-07-14 08:01:54,0,50.5,82.0,98,86,99.55221070306038,243.1640625,23849.609375,NVIDIA A10,4Gen-16xlanes,9508.5, 23028.0,8.0,P0,78
2023-07-14 08:01:55,0,50.3,82.0,98,85,99.55221070306038,31.25,6735.3515625,NVIDIA A10,4Gen-16xlanes,9508.5, 23028.0,8.0,P0,78
2023-07-14 08:01:57,0,50.3,82.0,98,83,99.55221070306038,501.953125,44.921875,NVIDIA A10,4Gen-16xlanes,9508.5, 23028.0,8.0,P0,78
2023-07-14 08:01:58,0,50.3,82.0,99,86,99.55221070306038,6.8359375,22.4609375,NVIDIA A10,4Gen-16xlanes,9508.5, 23028.0,8.0,P0,78
2023-07-14 08:01:59,0,50.4,82.0,99,86,99.55221070306038,673.828125,6739.2578125,NVIDIA A10,4Gen-16xlanes,9508.5, 23028.0,8.0,P0,78
2023-07-14 08:02:00,0,50.6,81.9,99,86,99.55221070306038,609.375,1043.9453125,NVIDIA A10,4Gen-16xlanes,9508.5, 23028.0,8.0,P0,78
2023-07-14 08:02:01,0,50.3,81.9,99,89,99.55221070306038,1182.6171875,44.921875,NVIDIA A10,4Gen-16xlanes,9508.5, 23028.0,8.0,P0,78
2023-07-14 08:02:02,0,50.3,81.9,99,85,99.55221070306038,32.2265625,22.4609375,NVIDIA A10,4Gen-16xlanes,9508.5, 23028.0,8.0,P0,78
2023-07-14 08:02:03,0,50.4,81.9,99,84,99.55221070306038,808.59375,1527.34375,NVIDIA A10,4Gen-16xlanes,9508.5, 23028.0,8.0,P0,78
2023-07-14 08:02:05,0,50.5,81.9,99,86,99.55221070306038,1317.3828125,14790.0390625,NVIDIA A10,4Gen-16xlanes,9508.5, 23028.0,8.0,P0,78
2023-07-14 08:02:06,0,50.2,81.9,98,82,99.55221070306038,32.2265625,19.53125,NVIDIA A10,4Gen-16xlanes,9508.5, 23028.0,8.0,P0,78
2023-07-14 08:02:07,0,50.3,81.9,98,82,99.55221070306038,19.53125,10012.6953125,NVIDIA A10,4Gen-16xlanes,9508.5, 23028.0,8.0,P0,78
2023-07-14 08:02:08,0,46.0,81.9,99,86,99.55221070306038,33.203125,44.921875,NVIDIA A10,4Gen-16xlanes,9508.5, 23028.0,8.0,P0,78
2023-07-14 08:02:09,0,50.5,81.9,98,92,99.55221070306038,727.5390625,3452.1484375,NVIDIA A10,4Gen-16xlanes,9508.5, 23028.0,8.0,P0,78
2023-07-14 08:02:10,0,50.5,82.0,98,92,99.55221070306038,810.546875,6750.9765625,NVIDIA A10,4Gen-16xlanes,9508.5, 23028.0,8.0,P0,78
2023-07-14 08:02:11,0,50.4,82.0,98,89,99.55221070306038,338.8671875,23124.0234375,NVIDIA A10,4Gen-16xlanes,9508.5, 23028.0,8.0,P0,77
2023-07-14 08:02:13,0,50.4,82.0,99,85,99.55221070306038,32.2265625,4503.90625,NVIDIA A10,4Gen-16xlanes,9508.5, 23028.0,8.0,P0,78
2023-07-14 08:02:14,0,50.4,82.0,99,85,99.55221070306038,1182.6171875,43.9453125,NVIDIA A10,4Gen-16xlanes,9508.5, 23028.0,8.0,P0,78
2023-07-14 08:02:15,0,50.3,82.0,99,84,99.55221070306038,5.859375,46.875,NVIDIA A10,4Gen-16xlanes,9508.5, 23028.0,8.0,P0,78
2023-07-14 08:02:16,0,50.3,82.0,98,86,99.55221070306038,2285.15625,3945.3125,NVIDIA A10,4Gen-16xlanes,9508.5, 23028.0,8.0,P0,78
2023-07-14 08:02:17,0,50.3,82.0,98,86,99.55221070306038,797.8515625,1962.890625,NVIDIA A10,4Gen-16xlanes,9508.5, 23028.0,8.0,P0,78
2023-07-14 08:02:18,0,50.4,82.0,98,86,99.55221070306038,32.2265625,43.9453125,NVIDIA A10,4Gen-16xlanes,9508.5, 23028.0,8.0,P0,78
2023-07-14 08:02:19,0,50.4,82.0,98,85,99.55221070306038,45.8984375,10013.671875,NVIDIA A10,4Gen-16xlanes,9508.5, 23028.0,8.0,P0,78
2023-07-14 08:02:20,0,50.5,82.0,98,83,99.55221070306038,811.5234375,24.4140625,NVIDIA A10,4Gen-16xlanes,9508.5, 23028.0,8.0,P0,78
2023-07-14 08:02:22,0,50.3,82.0,98,83,99.55221070306038,796.875,2997.0703125,NVIDIA A10,4Gen-16xlanes,9508.5, 23028.0,8.0,P0,78
2023-07-14 08:02:23,0,50.3,82.0,99,82,99.55221070306038,32.2265625,42.96875,NVIDIA A10,4Gen-16xlanes,9508.5, 23028.0,8.0,P0,78
2023-07-14 08:02:24,0,45.9,82.0,99,85,99.55221070306038,798.828125,19.53125,NVIDIA A10,4Gen-16xlanes,9508.5, 23028.0,8.0,P0,78
2023-07-14 08:02:25,0,50.3,82.0,98,83,99.55221070306038,31.25,43.9453125,NVIDIA A10,4Gen-16xlanes,9508.5, 23028.0,8.0,P0,78
2023-07-14 08:02:26,0,50.3,81.9,98,82,99.55221070306038,321.2890625,7090.8203125,NVIDIA A10,4Gen-16xlanes,9508.5, 23028.0,8.0,P0,78
2023-07-14 08:02:27,0,50.3,81.9,96,80,99.55221070306038,601.5625,6763.671875,NVIDIA A10,4Gen-16xlanes,9508.5, 23028.0,8.0,P0,78
2023-07-14 08:02:28,0,50.4,81.9,98,84,99.55221070306038,2394.53125,5429.6875,NVIDIA A10,4Gen-16xlanes,9508.5, 23028.0,8.0,P0,78
2023-07-14 08:02:30,0,50.7,82.0,98,83,99.55221070306038,517.578125,1883.7890625,NVIDIA A10,4Gen-16xlanes,9508.5, 23028.0,8.0,P0,78
2023-07-14 08:02:31,0,50.4,82.0,98,82,99.55221070306038,32.2265625,43.9453125,NVIDIA A10,4Gen-16xlanes,9508.5, 23028.0,8.0,P0,78
2023-07-14 08:02:32,0,50.3,82.0,98,83,99.55221070306038,1182.6171875,21.484375,NVIDIA A10,4Gen-16xlanes,9508.5, 23028.0,8.0,P0,78
2023-07-14 08:02:33,0,50.2,81.9,99,86,99.55221070306038,765.625,48.828125,NVIDIA A10,4Gen-16xlanes,9508.5, 23028.0,8.0,P0,78
2023-07-14 08:02:34,0,50.5,82.0,99,89,99.55221070306038,811.5234375,22.4609375,NVIDIA A10,4Gen-16xlanes,9508.5, 23028.0,8.0,P0,78
2023-07-14 08:02:35,0,50.4,82.0,98,91,99.55221070306038,1764.6484375,10894.53125,NVIDIA A10,4Gen-16xlanes,9508.5, 23028.0,8.0,P0,78
2023-07-14 08:02:37,0,50.4,82.0,98,92,99.55221070306038,32.2265625,6760.7421875,NVIDIA A10,4Gen-16xlanes,9508.5, 23028.0,8.0,P0,78
2023-07-14 08:02:38,0,50.3,82.0,99,84,99.55221070306038,1182.6171875,44.921875,NVIDIA A10,4Gen-16xlanes,9508.5, 23028.0,8.0,P0,78
2023-07-14 08:02:39,0,46.1,82.0,98,85,99.55221070306038,31.25,6773.4375,NVIDIA A10,4Gen-16xlanes,9508.5, 23028.0,8.0,P0,78
2023-07-14 08:02:40,0,50.5,82.0,98,84,99.55221070306038,1138.671875,43.9453125,NVIDIA A10,4Gen-16xlanes,9508.5, 23028.0,8.0,P0,78
2023-07-14 08:02:41,0,50.3,82.0,99,86,99.55221070306038,5.859375,47.8515625,NVIDIA A10,4Gen-16xlanes,9508.5, 23028.0,8.0,P0,78
2023-07-14 08:02:42,0,50.2,82.0,99,86,99.55221070306038,92.7734375,5504.8828125,NVIDIA A10,4Gen-16xlanes,9508.5, 23028.0,8.0,P0,78
2023-07-14 08:02:43,0,50.4,82.0,99,86,99.55221070306038,799.8046875,560.546875,NVIDIA A10,4Gen-16xlanes,9508.5, 23028.0,8.0,P0,77
2023-07-14 08:02:45,0,50.4,82.0,98,92,99.55221070306038,5.859375,44.921875,NVIDIA A10,4Gen-16xlanes,9508.5, 23028.0,8.0,P0,78
2023-07-14 08:02:46,0,50.3,82.0,98,92,99.55221070306038,799.8046875,48.828125,NVIDIA A10,4Gen-16xlanes,9508.5, 23028.0,8.0,P0,78
2023-07-14 08:02:47,0,50.1,82.0,98,89,99.55221070306038,2564.453125,2136.71875,NVIDIA A10,4Gen-16xlanes,9508.5, 23028.0,8.0,P0,78
2023-07-14 08:02:48,0,50.4,82.0,99,85,99.55221070306038,5.859375,6774.4140625,NVIDIA A10,4Gen-16xlanes,9508.5, 23028.0,8.0,P0,78
2023-07-14 08:02:49,0,50.4,82.0,97,83,99.55221070306038,347.65625,44.921875,NVIDIA A10,4Gen-16xlanes,9508.5, 23028.0,8.0,P0,78
2023-07-14 08:02:50,0,50.7,81.9,98,85,99.55221070306038,230.46875,47.8515625,NVIDIA A10,4Gen-16xlanes,9508.5, 23028.0,8.0,P0,78
2023-07-14 08:02:51,0,50.2,81.9,98,85,99.55221070306038,307.6171875,6777.34375,NVIDIA A10,4Gen-16xlanes,9508.5, 23028.0,8.0,P0,78
2023-07-14 08:02:52,0,50.3,81.9,98,85,99.55221070306038,5.859375,6774.4140625,NVIDIA A10,4Gen-16xlanes,9508.5, 23028.0,8.0,P0,78
2023-07-14 08:02:54,0,50.6,82.0,98,86,99.55221070306038,1249.0234375,43.9453125,NVIDIA A10,4Gen-16xlanes,9508.5, 23028.0,8.0,P0,78
2023-07-14 08:02:55,0,3.8,82.0,0,0,99.55221070306038,0.0,0.0,NVIDIA A10,4Gen-16xlanes,9508.5, 23028.0,8.0,P0,75
2023-07-14 08:02:56,0,1.8,79.9,0,0,99.54753601290166,0.0,0.0,NVIDIA A10,4Gen-16xlanes,9508.5, 23028.0,8.0,P0,74
2023-07-14 08:02:57,0,1.8,73.9,0,0,99.54753601290166,0.0,0.0,NVIDIA A10,4Gen-16xlanes,9508.5, 23028.0,8.0,P0,73
2023-07-14 08:02:58,0,2.0,72.7,0,0,99.5473422433614,0.0,0.0,NVIDIA A10,4Gen-16xlanes,9379.6875, 23028.0,4.0,P0,73
2023-07-14 08:02:59,0,2.2,72.7,0,0,99.54715150147021,0.0,0.0,NVIDIA A10,4Gen-16xlanes,9379.6875, 23028.0,4.0,P0,72
2023-07-14 08:03:02,0,1.8,55.5,0,0,99.54696075957902,0.0,0.0,NVIDIA A10,4Gen-16xlanes,530.375, 23028.0,4.0,P0,71
