TIME,GPU_ID,CPU%,MEM%,GPU%,GPUMEM%,CXLMEM%,PCI_TX_MBps,PCI_RX_MBps,PRODUCT,PCI_INFO,GPUMEM_USED_MB,GPUMEM_TOTAL_MB,CXL_PMEM_USED_MB,PERFORMANCE_STATE,GPU_TEMPERATURE_C,MODE
2023-07-27 07:49:19,0,8.8,1.9,0,0,1.1139899675233227,0.0,0.0,NVIDIA A10,1Gen-16xlanes,530.375,23028.0,0,P8,53,DISK
2023-07-27 07:49:20,0,3.4,2.3,0,0,1.1139899675233227,0.0,0.0,NVIDIA A10,4Gen-16xlanes,764.5,23028.0,0,P0,55,DISK
2023-07-27 07:49:21,0,3.5,3.3,2,0,1.1139899675233227,0.0,0.0,NVIDIA A10,4Gen-16xlanes,774.5,23028.0,0,P0,55,DISK
2023-07-27 07:49:22,0,3.4,4.1,2,0,1.1139899675233227,0.0,0.0,NVIDIA A10,4Gen-16xlanes,790.5,23028.0,0,P0,55,DISK
2023-07-27 07:49:23,0,3.4,4.1,0,0,1.1139021657163433,0.0,0.0,NVIDIA A10,4Gen-16xlanes,790.5,23028.0,0,P0,56,DISK
2023-07-27 07:49:24,0,3.3,4.1,0,0,1.1139021657163433,0.0,0.0,NVIDIA A10,4Gen-16xlanes,790.5,23028.0,0,P0,56,DISK
2023-07-27 07:49:25,0,3.2,4.1,0,0,1.1139021657163433,0.0,0.0,NVIDIA A10,4Gen-16xlanes,790.5,23028.0,0,P0,56,DISK
2023-07-27 07:49:26,0,3.3,4.1,0,0,1.1139021657163433,0.0,0.0,NVIDIA A10,4Gen-16xlanes,790.5,23028.0,0,P0,56,DISK
2023-07-27 07:49:27,0,3.2,4.1,0,0,1.1139021657163433,0.0,0.0,NVIDIA A10,4Gen-16xlanes,790.5,23028.0,0,P0,56,DISK
2023-07-27 07:49:28,0,3.3,4.1,0,0,1.1139021657163433,0.0,0.0,NVIDIA A10,4Gen-16xlanes,790.5,23028.0,0,P0,56,DISK
2023-07-27 07:49:30,0,3.2,4.1,0,0,1.1139021657163433,0.0,0.0,NVIDIA A10,4Gen-16xlanes,790.5,23028.0,0,P0,56,DISK
2023-07-27 07:49:31,0,3.2,4.1,0,0,1.1138234468549135,0.0,0.0,NVIDIA A10,4Gen-16xlanes,790.5,23028.0,0,P0,56,DISK
2023-07-27 07:49:32,0,3.3,4.1,0,0,1.1138234468549135,0.0,0.0,NVIDIA A10,4Gen-16xlanes,790.5,23028.0,0,P0,56,DISK
2023-07-27 07:49:33,0,3.2,4.1,0,0,1.1138234468549135,0.0,0.0,NVIDIA A10,4Gen-16xlanes,790.5,23028.0,0,P0,56,DISK
2023-07-27 07:49:34,0,3.3,4.1,0,0,1.1138234468549135,0.0,0.0,NVIDIA A10,4Gen-16xlanes,790.5,23028.0,0,P0,56,DISK
2023-07-27 07:49:35,0,3.2,4.1,0,0,1.1138234468549135,0.0,0.0,NVIDIA A10,4Gen-16xlanes,790.5,23028.0,0,P0,56,DISK
2023-07-27 07:49:36,0,3.3,4.1,0,0,1.1138234468549135,0.0,0.0,NVIDIA A10,4Gen-16xlanes,790.5,23028.0,0,P0,56,DISK
2023-07-27 07:49:37,0,3.2,4.1,0,0,1.1138234468549135,0.0,0.0,NVIDIA A10,4Gen-16xlanes,790.5,23028.0,0,P0,56,DISK
2023-07-27 07:49:38,0,2.3,4.1,0,0,1.1138234468549135,0.0,0.0,NVIDIA A10,4Gen-16xlanes,790.5,23028.0,0,P0,56,DISK
2023-07-27 07:49:39,0,2.1,4.1,0,0,1.1138234468549135,0.0,0.0,NVIDIA A10,4Gen-16xlanes,790.5,23028.0,0,P0,56,DISK
2023-07-27 07:49:40,0,2.0,4.1,0,0,1.1138234468549135,0.0,0.0,NVIDIA A10,4Gen-16xlanes,790.5,23028.0,0,P0,56,DISK
2023-07-27 07:49:41,0,2.5,4.1,0,0,1.1138234468549135,0.0,0.0,NVIDIA A10,4Gen-16xlanes,790.5,23028.0,0,P0,56,DISK
2023-07-27 07:49:43,0,2.6,4.1,0,0,1.1138234468549135,0.0,0.0,NVIDIA A10,4Gen-16xlanes,790.5,23028.0,0,P0,56,DISK
2023-07-27 07:49:44,0,2.8,4.1,0,0,1.1138234468549135,0.0,0.0,NVIDIA A10,4Gen-16xlanes,790.5,23028.0,0,P0,56,DISK
2023-07-27 07:49:45,0,3.0,4.1,0,0,1.1138234468549135,0.0,0.0,NVIDIA A10,4Gen-16xlanes,790.5,23028.0,0,P0,56,DISK
2023-07-27 07:49:46,0,2.3,4.1,0,0,1.1138234468549135,0.0,0.0,NVIDIA A10,4Gen-16xlanes,790.5,23028.0,0,P0,56,DISK
2023-07-27 07:49:47,0,2.2,4.1,0,0,1.1137992256667812,0.0,0.0,NVIDIA A10,4Gen-16xlanes,790.5,23028.0,0,P0,56,DISK
2023-07-27 07:49:48,0,3.2,4.1,0,0,1.1137992256667812,0.0,0.0,NVIDIA A10,4Gen-16xlanes,790.5,23028.0,0,P0,56,DISK
2023-07-27 07:49:49,0,3.4,4.1,0,0,1.1137992256667812,0.0,0.0,NVIDIA A10,4Gen-16xlanes,790.5,23028.0,0,P0,57,DISK
2023-07-27 07:49:50,0,3.3,4.1,0,0,1.1137992256667812,0.0,0.0,NVIDIA A10,4Gen-16xlanes,790.5,23028.0,0,P0,57,DISK
2023-07-27 07:49:51,0,3.4,4.1,0,0,1.1137992256667812,0.0,0.0,NVIDIA A10,4Gen-16xlanes,790.5,23028.0,0,P0,57,DISK
2023-07-27 07:49:52,0,3.4,4.1,0,0,1.1137992256667812,0.0,0.0,NVIDIA A10,4Gen-16xlanes,790.5,23028.0,0,P0,57,DISK
2023-07-27 07:49:53,0,3.4,4.1,0,0,1.1137992256667812,0.0,0.0,NVIDIA A10,4Gen-16xlanes,790.5,23028.0,0,P0,57,DISK
2023-07-27 07:49:54,0,3.4,4.1,0,0,1.1137992256667812,0.0,0.0,NVIDIA A10,4Gen-16xlanes,790.5,23028.0,0,P0,57,DISK
2023-07-27 07:49:56,0,3.3,4.1,0,0,1.1137992256667812,0.0,0.0,NVIDIA A10,4Gen-16xlanes,790.5,23028.0,0,P0,57,DISK
2023-07-27 07:49:57,0,3.3,4.1,0,0,1.1137992256667812,0.0,0.0,NVIDIA A10,4Gen-16xlanes,790.5,23028.0,0,P0,57,DISK
2023-07-27 07:49:58,0,3.4,4.1,0,0,1.1137992256667812,0.0,0.0,NVIDIA A10,4Gen-16xlanes,790.5,23028.0,0,P0,57,DISK
2023-07-27 07:49:59,0,54.8,4.2,21,16,1.1137992256667812,3.90625,0.0,NVIDIA A10,4Gen-16xlanes,2782.5,23028.0,0,P0,58,DISK
2023-07-27 07:50:00,0,79.7,4.3,63,56,1.1137992256667812,253.90625,0.0,NVIDIA A10,4Gen-16xlanes,3570.5,23028.0,0,P0,59,DISK
2023-07-27 07:50:01,0,91.6,4.3,52,46,1.1137992256667812,129.8828125,0.0,NVIDIA A10,4Gen-16xlanes,3570.5,23028.0,0,P0,59,DISK
2023-07-27 07:50:02,0,87.8,4.2,46,40,1.1137992256667812,4.8828125,757.8125,NVIDIA A10,4Gen-16xlanes,3570.5,23028.0,0,P0,60,DISK
2023-07-27 07:50:03,0,78.4,4.2,52,45,1.1137992256667812,802.734375,762.6953125,NVIDIA A10,4Gen-16xlanes,3570.5,23028.0,0,P0,60,DISK
2023-07-27 07:50:04,0,86.6,4.2,38,34,1.1137992256667812,107.421875,14166.015625,NVIDIA A10,4Gen-16xlanes,3570.5,23028.0,0,P0,59,DISK
2023-07-27 07:50:06,0,98.2,4.2,53,48,1.1137992256667812,807.6171875,758.7890625,NVIDIA A10,4Gen-16xlanes,3570.5,23028.0,0,P0,61,DISK
2023-07-27 07:50:07,0,94.9,4.2,35,25,1.1137992256667812,162.109375,1215.8203125,NVIDIA A10,4Gen-16xlanes,3570.5,23028.0,0,P0,61,DISK
2023-07-27 07:50:08,0,80.5,4.3,62,54,1.1137992256667812,127.9296875,1109.375,NVIDIA A10,4Gen-16xlanes,3570.5,23028.0,0,P0,61,DISK
2023-07-27 07:50:09,0,96.8,4.2,52,46,1.1137992256667812,0.0,8861.328125,NVIDIA A10,4Gen-16xlanes,3570.5,23028.0,0,P0,61,DISK
2023-07-27 07:50:10,0,98.5,4.2,20,11,1.1137992256667812,807.6171875,7.8125,NVIDIA A10,4Gen-16xlanes,3570.5,23028.0,0,P0,62,DISK
2023-07-27 07:50:11,0,76.0,4.2,61,54,1.1137992256667812,805.6640625,8.7890625,NVIDIA A10,4Gen-16xlanes,3570.5,23028.0,0,P0,62,DISK
2023-07-27 07:50:12,0,69.5,4.2,63,54,1.1137992256667812,708.0078125,2132.8125,NVIDIA A10,4Gen-16xlanes,3570.5,23028.0,0,P0,61,DISK
2023-07-27 07:50:14,0,85.4,4.2,32,26,1.1137992256667812,807.6171875,756.8359375,NVIDIA A10,4Gen-16xlanes,3570.5,23028.0,0,P0,62,DISK
2023-07-27 07:50:15,0,86.9,4.2,55,44,1.1137992256667812,806.640625,13.671875,NVIDIA A10,4Gen-16xlanes,3570.5,23028.0,0,P0,63,DISK
2023-07-27 07:50:16,0,99.0,4.3,59,54,1.1137992256667812,0.0,0.0,NVIDIA A10,4Gen-16xlanes,3570.5,23028.0,0,P0,62,DISK
2023-07-27 07:50:17,0,80.4,4.2,44,38,1.1137992256667812,37.109375,164.0625,NVIDIA A10,4Gen-16xlanes,3570.5,23028.0,0,P0,61,DISK
2023-07-27 07:50:18,0,73.1,4.3,53,47,1.1137992256667812,0.0,0.0,NVIDIA A10,4Gen-16xlanes,3570.5,23028.0,0,P0,62,DISK
2023-07-27 07:50:19,0,85.1,4.2,36,31,1.113775004478649,807.6171875,15.625,NVIDIA A10,4Gen-16xlanes,3570.5,23028.0,0,P0,63,DISK
2023-07-27 07:50:20,0,71.0,4.2,2,0,1.113750783290517,143.5546875,1399.4140625,NVIDIA A10,4Gen-16xlanes,3570.5,23028.0,0,P0,63,DISK
2023-07-27 07:50:21,0,76.5,4.2,45,41,1.113750783290517,0.0,0.0,NVIDIA A10,4Gen-16xlanes,3570.5,23028.0,0,P0,62,DISK
2023-07-27 07:50:23,0,75.3,4.2,2,0,1.113750783290517,145.5078125,1695.3125,NVIDIA A10,4Gen-16xlanes,3570.5,23028.0,0,P0,62,DISK
2023-07-27 07:50:24,0,87.8,4.3,59,54,1.113750783290517,0.0,0.0,NVIDIA A10,4Gen-16xlanes,3570.5,23028.0,0,P0,63,DISK
2023-07-27 07:50:25,0,91.3,4.2,51,44,1.113750783290517,804.6875,1116.2109375,NVIDIA A10,4Gen-16xlanes,3570.5,23028.0,0,P0,64,DISK
2023-07-27 07:50:26,0,67.4,4.2,5,0,1.113750783290517,807.6171875,761.71875,NVIDIA A10,4Gen-16xlanes,3570.5,23028.0,0,P0,64,DISK
2023-07-27 07:50:27,0,80.6,4.2,56,50,1.113750783290517,131.8359375,1114.2578125,NVIDIA A10,4Gen-16xlanes,3570.5,23028.0,0,P0,64,DISK
2023-07-27 07:50:28,0,81.6,4.2,29,23,1.113750783290517,806.640625,757.8125,NVIDIA A10,4Gen-16xlanes,3570.5,23028.0,0,P0,64,DISK
2023-07-27 07:50:29,0,82.4,4.2,6,0,1.113750783290517,264.6484375,2625.0,NVIDIA A10,4Gen-16xlanes,3570.5,23028.0,0,P0,63,DISK
2023-07-27 07:50:31,0,91.4,4.2,38,28,1.113750783290517,82.03125,109.375,NVIDIA A10,4Gen-16xlanes,3570.5,23028.0,0,P0,63,DISK
2023-07-27 07:50:32,0,82.3,4.2,3,0,1.113750783290517,135.7421875,3336.9140625,NVIDIA A10,4Gen-16xlanes,3570.5,23028.0,0,P0,63,DISK
2023-07-27 07:50:33,0,92.1,4.2,58,53,1.113750783290517,0.0,1500.9765625,NVIDIA A10,4Gen-16xlanes,3570.5,23028.0,0,P0,65,DISK
2023-07-27 07:50:34,0,80.9,4.2,53,46,1.113750783290517,0.0,0.0,NVIDIA A10,4Gen-16xlanes,3570.5,23028.0,0,P0,64,DISK
2023-07-27 07:50:35,0,76.1,4.2,5,3,1.113750783290517,807.6171875,753.90625,NVIDIA A10,4Gen-16xlanes,3570.5,23028.0,0,P0,65,DISK
2023-07-27 07:50:36,0,84.9,4.3,36,31,1.113750783290517,28.3203125,437.5,NVIDIA A10,4Gen-16xlanes,3570.5,23028.0,0,P0,64,DISK
2023-07-27 07:50:37,0,78.5,4.2,52,41,1.113750783290517,806.640625,18.5546875,NVIDIA A10,4Gen-16xlanes,3570.5,23028.0,0,P0,65,DISK
2023-07-27 07:50:38,0,99.1,4.2,50,44,1.113750783290517,803.7109375,762.6953125,NVIDIA A10,4Gen-16xlanes,3570.5,23028.0,0,P0,65,DISK
2023-07-27 07:50:39,0,57.5,4.2,0,0,1.113750783290517,0.0,0.0,NVIDIA A10,4Gen-16xlanes,3792.5,23028.0,0,P0,64,DISK
2023-07-27 07:50:40,0,3.6,4.2,0,0,1.113750783290517,0.0,0.0,NVIDIA A10,4Gen-16xlanes,3792.5,23028.0,0,P0,63,DISK
2023-07-27 07:50:42,0,3.5,4.2,0,0,1.113750783290517,0.0,0.0,NVIDIA A10,4Gen-16xlanes,3792.5,23028.0,0,P0,63,DISK
2023-07-27 07:50:43,0,31.1,4.2,14,9,1.1137477556420003,241.2109375,3721.6796875,NVIDIA A10,4Gen-16xlanes,4014.5,23028.0,0,P0,63,DISK
2023-07-27 07:50:44,0,70.8,4.4,59,37,1.1137477556420003,823.2421875,20.5078125,NVIDIA A10,4Gen-16xlanes,7634.5,23028.0,0,P0,65,DISK
2023-07-27 07:50:45,0,76.5,4.4,100,42,1.1137477556420003,3.90625,10.7421875,NVIDIA A10,4Gen-16xlanes,7688.5,23028.0,0,P0,66,DISK
2023-07-27 07:50:46,0,73.8,4.4,100,63,1.1137477556420003,1927.734375,17.578125,NVIDIA A10,4Gen-16xlanes,7688.5,23028.0,0,P0,67,DISK
2023-07-27 07:50:47,0,54.3,4.4,100,46,1.1137477556420003,2.9296875,10.7421875,NVIDIA A10,4Gen-16xlanes,7688.5,23028.0,0,P0,67,DISK
2023-07-27 07:50:48,0,99.1,4.4,88,54,1.1137477556420003,601.5625,0.0,NVIDIA A10,4Gen-16xlanes,7688.5,23028.0,0,P0,66,DISK
2023-07-27 07:50:49,0,53.0,4.4,98,61,1.1137477556420003,3.90625,23.4375,NVIDIA A10,4Gen-16xlanes,7688.5,23028.0,0,P0,68,DISK
2023-07-27 07:50:51,0,88.6,4.4,20,8,1.1137477556420003,2.9296875,10.7421875,NVIDIA A10,4Gen-16xlanes,7688.5,23028.0,0,P0,68,DISK
2023-07-27 07:50:52,0,57.6,4.4,100,64,1.1137477556420003,2.9296875,29.296875,NVIDIA A10,4Gen-16xlanes,7688.5,23028.0,0,P0,68,DISK
2023-07-27 07:50:53,0,63.0,4.4,100,48,1.1137477556420003,4.8828125,11.71875,NVIDIA A10,4Gen-16xlanes,7688.5,23028.0,0,P0,68,DISK
2023-07-27 07:50:54,0,85.8,4.4,90,59,1.1137477556420003,5623.046875,13362.3046875,NVIDIA A10,4Gen-16xlanes,7688.5,23028.0,0,P0,67,DISK
2023-07-27 07:50:55,0,53.1,4.4,96,47,1.1137477556420003,167.96875,1663.0859375,NVIDIA A10,4Gen-16xlanes,7688.5,23028.0,0,P0,68,DISK
2023-07-27 07:50:56,0,94.8,4.4,86,41,1.1137477556420003,0.0,0.9765625,NVIDIA A10,4Gen-16xlanes,7688.5,23028.0,0,P0,67,DISK
2023-07-27 07:50:57,0,54.6,4.4,87,57,1.1137477556420003,1.953125,0.9765625,NVIDIA A10,4Gen-16xlanes,7688.5,23028.0,0,P0,68,DISK
2023-07-27 07:50:58,0,83.8,4.4,100,51,1.1137477556420003,4.8828125,13.671875,NVIDIA A10,4Gen-16xlanes,7688.5,23028.0,0,P0,69,DISK
2023-07-27 07:51:00,0,65.5,4.4,57,41,1.1137477556420003,118.1640625,27.34375,NVIDIA A10,4Gen-16xlanes,7688.5,23028.0,0,P0,69,DISK
2023-07-27 07:51:01,0,68.5,4.4,100,45,1.1137477556420003,2.9296875,11.71875,NVIDIA A10,4Gen-16xlanes,7688.5,23028.0,0,P0,70,DISK
2023-07-27 07:51:02,0,79.2,4.4,61,44,1.1137477556420003,1097.65625,10.7421875,NVIDIA A10,4Gen-16xlanes,7688.5,23028.0,0,P0,70,DISK
2023-07-27 07:51:03,0,54.6,4.4,100,46,1.1137477556420003,2.9296875,10.7421875,NVIDIA A10,4Gen-16xlanes,7688.5,23028.0,0,P0,70,DISK
2023-07-27 07:51:04,0,97.7,4.4,74,43,1.1137477556420003,932.6171875,10.7421875,NVIDIA A10,4Gen-16xlanes,7688.5,23028.0,0,P0,70,DISK
2023-07-27 07:51:05,0,54.3,4.4,100,63,1.1137477556420003,6.8359375,14.6484375,NVIDIA A10,4Gen-16xlanes,7688.5,23028.0,0,P0,70,DISK
2023-07-27 07:51:06,0,78.2,4.4,100,67,1.1137477556420003,3.90625,12.6953125,NVIDIA A10,4Gen-16xlanes,7688.5,23028.0,0,P0,70,DISK
2023-07-27 07:51:07,0,70.8,4.4,100,62,1.1137477556420003,1424.8046875,15.625,NVIDIA A10,4Gen-16xlanes,7688.5,23028.0,0,P0,71,DISK
2023-07-27 07:51:09,0,68.0,4.4,100,47,1.1137477556420003,2.9296875,10.7421875,NVIDIA A10,4Gen-16xlanes,7688.5,23028.0,0,P0,71,DISK
2023-07-27 07:51:10,0,81.7,4.4,98,64,1.1137477556420003,32.2265625,4583.0078125,NVIDIA A10,4Gen-16xlanes,7688.5,23028.0,0,P0,70,DISK
2023-07-27 07:51:11,0,52.1,4.4,100,46,1.1137477556420003,2.9296875,10.7421875,NVIDIA A10,4Gen-16xlanes,7688.5,23028.0,0,P0,71,DISK
2023-07-27 07:51:12,0,99.2,4.4,97,57,1.1137477556420003,875.0,0.0,NVIDIA A10,4Gen-16xlanes,7688.5,23028.0,0,P0,70,DISK
2023-07-27 07:51:13,0,51.0,4.4,62,41,1.1137477556420003,495.1171875,17.578125,NVIDIA A10,4Gen-16xlanes,7688.5,23028.0,0,P0,71,DISK
2023-07-27 07:51:14,0,96.7,4.4,27,10,1.1137477556420003,3.90625,15.625,NVIDIA A10,4Gen-16xlanes,7688.5,23028.0,0,P0,71,DISK
2023-07-27 07:51:15,0,54.4,4.4,92,61,1.1137477556420003,2628.90625,11.71875,NVIDIA A10,4Gen-16xlanes,7688.5,23028.0,0,P0,72,DISK
2023-07-27 07:51:16,0,79.5,4.4,100,45,1.113723534453868,3.90625,13.671875,NVIDIA A10,4Gen-16xlanes,7688.5,23028.0,0,P0,72,DISK
2023-07-27 07:51:18,0,66.1,4.4,19,11,1.113723534453868,227.5390625,14.6484375,NVIDIA A10,4Gen-16xlanes,7688.5,23028.0,0,P0,71,DISK
2023-07-27 07:51:19,0,70.4,4.4,100,48,1.113723534453868,2.9296875,10.7421875,NVIDIA A10,4Gen-16xlanes,7688.5,23028.0,0,P0,72,DISK
2023-07-27 07:51:20,0,76.1,4.4,89,59,1.113723534453868,1919.921875,11.71875,NVIDIA A10,4Gen-16xlanes,7688.5,23028.0,0,P0,72,DISK
2023-07-27 07:51:21,0,57.5,4.4,100,45,1.113723534453868,3.90625,13.671875,NVIDIA A10,4Gen-16xlanes,7688.5,23028.0,0,P0,72,DISK
2023-07-27 07:51:22,0,90.1,4.4,53,33,1.113723534453868,550.78125,0.0,NVIDIA A10,4Gen-16xlanes,7688.5,23028.0,0,P0,71,DISK
2023-07-27 07:51:23,0,52.8,4.4,100,50,1.113723534453868,2.9296875,10.7421875,NVIDIA A10,4Gen-16xlanes,7688.5,23028.0,0,P0,72,DISK
2023-07-27 07:51:24,0,95.0,4.4,91,59,1.113723534453868,5174.8046875,647.4609375,NVIDIA A10,4Gen-16xlanes,7688.5,23028.0,0,P0,72,DISK
2023-07-27 07:51:25,0,51.3,4.5,99,39,1.113723534453868,2.9296875,16.6015625,NVIDIA A10,4Gen-16xlanes,7688.5,23028.0,0,P0,72,DISK
2023-07-27 07:51:26,0,96.7,4.4,50,18,1.113723534453868,0.0,11815.4296875,NVIDIA A10,4Gen-16xlanes,7688.5,23028.0,0,P0,70,DISK
2023-07-27 07:51:28,0,50.7,4.4,92,60,1.113723534453868,5.859375,11817.3828125,NVIDIA A10,4Gen-16xlanes,7688.5,23028.0,0,P0,72,DISK
2023-07-27 07:51:29,0,83.7,4.4,66,41,1.113723534453868,2.9296875,4918.9453125,NVIDIA A10,4Gen-16xlanes,7688.5,23028.0,0,P0,71,DISK
2023-07-27 07:51:30,0,61.6,4.4,99,64,1.113723534453868,5.859375,26.3671875,NVIDIA A10,4Gen-16xlanes,7688.5,23028.0,0,P0,72,DISK
2023-07-27 07:51:31,0,70.7,4.4,100,47,1.113723534453868,3.90625,10.7421875,NVIDIA A10,4Gen-16xlanes,7688.5,23028.0,0,P0,72,DISK
2023-07-27 07:51:32,0,75.1,4.4,100,62,1.113723534453868,824.21875,10.7421875,NVIDIA A10,4Gen-16xlanes,7688.5,23028.0,0,P0,72,DISK
2023-07-27 07:51:33,0,69.1,4.4,100,43,1.113723534453868,2.9296875,226.5625,NVIDIA A10,4Gen-16xlanes,7688.5,23028.0,0,P0,72,DISK
2023-07-27 07:51:34,0,80.2,4.4,47,27,1.113723534453868,1588.8671875,15.625,NVIDIA A10,4Gen-16xlanes,7688.5,23028.0,0,P0,72,DISK
2023-07-27 07:51:35,0,59.5,4.4,100,39,1.113723534453868,12754.8828125,18.5546875,NVIDIA A10,4Gen-16xlanes,7688.5,23028.0,0,P0,72,DISK
2023-07-27 07:51:36,0,82.8,4.4,93,62,1.113723534453868,548.828125,0.0,NVIDIA A10,4Gen-16xlanes,7688.5,23028.0,0,P0,71,DISK
2023-07-27 07:51:38,0,57.6,4.4,100,46,1.113723534453868,3.90625,12.6953125,NVIDIA A10,4Gen-16xlanes,7688.5,23028.0,0,P0,72,DISK
2023-07-27 07:51:39,0,89.3,4.4,100,62,1.113723534453868,0.0,0.9765625,NVIDIA A10,4Gen-16xlanes,7688.5,23028.0,0,P0,71,DISK
2023-07-27 07:51:40,0,52.2,4.5,100,44,1.113723534453868,130.859375,11.71875,NVIDIA A10,4Gen-16xlanes,7688.5,23028.0,0,P0,73,DISK
2023-07-27 07:51:41,0,97.1,4.4,89,41,1.113723534453868,218.75,0.0,NVIDIA A10,4Gen-16xlanes,7688.5,23028.0,0,P0,71,DISK
2023-07-27 07:51:42,0,50.9,4.4,99,52,1.113723534453868,763.671875,20.5078125,NVIDIA A10,4Gen-16xlanes,7688.5,23028.0,0,P0,73,DISK
2023-07-27 07:51:43,0,97.7,4.4,28,16,1.113723534453868,3.90625,13.671875,NVIDIA A10,4Gen-16xlanes,7688.5,23028.0,0,P0,72,DISK
2023-07-27 07:51:44,0,51.7,4.4,81,50,1.113723534453868,4608.3984375,16.6015625,NVIDIA A10,4Gen-16xlanes,7688.5,23028.0,0,P0,72,DISK
2023-07-27 07:51:45,0,85.9,4.4,75,60,1.113723534453868,4.8828125,10.7421875,NVIDIA A10,4Gen-16xlanes,7688.5,23028.0,0,P0,72,DISK
2023-07-27 07:51:47,0,60.4,4.4,95,58,1.113723534453868,1317.3828125,28.3203125,NVIDIA A10,4Gen-16xlanes,7688.5,23028.0,0,P0,73,DISK
2023-07-27 07:51:48,0,74.3,4.4,100,58,1.113723534453868,3.90625,12.6953125,NVIDIA A10,4Gen-16xlanes,7688.5,23028.0,0,P0,73,DISK
2023-07-27 07:51:49,0,73.0,4.4,94,61,1.113723534453868,497.0703125,15.625,NVIDIA A10,4Gen-16xlanes,7688.5,23028.0,0,P0,73,DISK
2023-07-27 07:51:50,0,62.6,4.4,100,50,1.113723534453868,1030.2734375,11818.359375,NVIDIA A10,4Gen-16xlanes,7688.5,23028.0,0,P0,72,DISK
2023-07-27 07:51:51,0,82.0,4.4,98,62,1.113723534453868,6.8359375,283.203125,NVIDIA A10,4Gen-16xlanes,7688.5,23028.0,0,P0,72,DISK
2023-07-27 07:51:52,0,53.1,4.5,100,48,1.113723534453868,434.5703125,12.6953125,NVIDIA A10,4Gen-16xlanes,7688.5,23028.0,0,P0,73,DISK
2023-07-27 07:51:53,0,98.5,4.4,100,63,1.113723534453868,1312.5,0.0,NVIDIA A10,4Gen-16xlanes,7688.5,23028.0,0,P0,71,DISK
2023-07-27 07:51:54,0,51.6,4.4,100,64,1.113723534453868,2.9296875,28.3203125,NVIDIA A10,4Gen-16xlanes,7688.5,23028.0,0,P0,73,DISK
2023-07-27 07:51:56,0,92.9,4.4,96,43,1.113723534453868,2.9296875,10.7421875,NVIDIA A10,4Gen-16xlanes,7688.5,23028.0,0,P0,73,DISK
2023-07-27 07:51:57,0,57.7,4.4,83,54,1.113723534453868,823.2421875,15.625,NVIDIA A10,4Gen-16xlanes,7688.5,23028.0,0,P0,73,DISK
2023-07-27 07:51:58,0,81.1,4.4,100,49,1.113723534453868,3.90625,12.6953125,NVIDIA A10,4Gen-16xlanes,7688.5,23028.0,0,P0,73,DISK
2023-07-27 07:51:59,0,68.2,4.4,79,55,1.113723534453868,11868.1640625,19.53125,NVIDIA A10,4Gen-16xlanes,7688.5,23028.0,0,P0,73,DISK
2023-07-27 07:52:00,0,67.2,4.4,100,46,1.113723534453868,2.9296875,10.7421875,NVIDIA A10,4Gen-16xlanes,7688.5,23028.0,0,P0,72,DISK
2023-07-27 07:52:01,0,80.9,4.4,60,38,1.113723534453868,1151.3671875,22.4609375,NVIDIA A10,4Gen-16xlanes,7688.5,23028.0,0,P0,73,DISK
2023-07-27 07:52:02,0,57.8,4.4,100,51,1.113723534453868,3.90625,13.671875,NVIDIA A10,4Gen-16xlanes,7688.5,23028.0,0,P0,73,DISK
2023-07-27 07:52:03,0,91.7,4.4,78,56,1.113723534453868,442.3828125,817.3828125,NVIDIA A10,4Gen-16xlanes,7688.5,23028.0,0,P0,73,DISK
2023-07-27 07:52:05,0,54.8,4.4,100,64,1.113723534453868,2708.0078125,10.7421875,NVIDIA A10,4Gen-16xlanes,7688.5,23028.0,0,P0,73,DISK
2023-07-27 07:52:06,0,98.2,4.4,41,18,1.113723534453868,5.859375,17.578125,NVIDIA A10,4Gen-16xlanes,7688.5,23028.0,0,P0,73,DISK
2023-07-27 07:52:07,0,52.5,4.4,95,59,1.113723534453868,14736.328125,18.5546875,NVIDIA A10,4Gen-16xlanes,7688.5,23028.0,0,P0,73,DISK
2023-07-27 07:52:08,0,79.5,4.4,100,44,1.113723534453868,3.90625,13.671875,NVIDIA A10,4Gen-16xlanes,7688.5,23028.0,0,P0,73,DISK
2023-07-27 07:52:09,0,70.9,4.4,100,63,1.113723534453868,386.71875,11.71875,NVIDIA A10,4Gen-16xlanes,7688.5,23028.0,0,P0,73,DISK
2023-07-27 07:52:10,0,61.8,4.4,100,45,1.113723534453868,4.8828125,12.6953125,NVIDIA A10,4Gen-16xlanes,7688.5,23028.0,0,P0,73,DISK
2023-07-27 07:52:11,0,85.6,4.4,99,61,1.113723534453868,0.0,0.0,NVIDIA A10,4Gen-16xlanes,7688.5,23028.0,0,P0,72,DISK
2023-07-27 07:52:12,0,53.0,4.5,99,43,1.113723534453868,3.90625,14.6484375,NVIDIA A10,4Gen-16xlanes,7688.5,23028.0,0,P0,73,DISK
2023-07-27 07:52:14,0,98.8,4.4,70,36,1.113723534453868,0.0,0.0,NVIDIA A10,4Gen-16xlanes,7688.5,23028.0,0,P0,71,DISK
2023-07-27 07:52:15,0,53.2,4.4,100,65,1.113723534453868,1044.921875,11.71875,NVIDIA A10,4Gen-16xlanes,7688.5,23028.0,0,P0,73,DISK
2023-07-27 07:52:16,0,81.5,4.4,100,55,1.113723534453868,3.90625,12.6953125,NVIDIA A10,4Gen-16xlanes,7688.5,23028.0,0,P0,73,DISK
2023-07-27 07:52:17,0,69.2,4.4,86,60,1.113723534453868,1587.890625,12.6953125,NVIDIA A10,4Gen-16xlanes,7688.5,23028.0,0,P0,74,DISK
2023-07-27 07:52:18,0,67.1,4.4,100,45,1.113723534453868,12010.7421875,8934.5703125,NVIDIA A10,4Gen-16xlanes,7688.5,23028.0,0,P0,73,DISK
2023-07-27 07:52:19,0,81.5,4.4,47,28,1.113723534453868,443.359375,13.671875,NVIDIA A10,4Gen-16xlanes,7688.5,23028.0,0,P0,73,DISK
2023-07-27 07:52:20,0,51.6,4.4,100,51,1.113723534453868,2.9296875,10.7421875,NVIDIA A10,4Gen-16xlanes,7688.5,23028.0,0,P0,73,DISK
2023-07-27 07:52:22,0,96.0,4.4,93,63,1.113723534453868,114.2578125,1388.671875,NVIDIA A10,4Gen-16xlanes,7688.5,23028.0,0,P0,73,DISK
2023-07-27 07:52:23,0,55.3,4.4,91,36,1.113723534453868,2.9296875,4316.40625,NVIDIA A10,4Gen-16xlanes,7688.5,23028.0,0,P0,73,DISK
2023-07-27 07:52:24,0,95.8,4.4,73,36,1.113723534453868,4.8828125,16.6015625,NVIDIA A10,4Gen-16xlanes,7688.5,23028.0,0,P0,73,DISK
2023-07-27 07:52:25,0,53.2,4.4,100,61,1.113723534453868,1152.34375,14.6484375,NVIDIA A10,4Gen-16xlanes,7688.5,23028.0,0,P0,73,DISK
2023-07-27 07:52:26,0,76.9,4.4,100,59,1.113723534453868,3.90625,13.671875,NVIDIA A10,4Gen-16xlanes,7688.5,23028.0,0,P0,73,DISK
2023-07-27 07:52:27,0,68.8,4.4,96,62,1.113723534453868,2297.8515625,13.671875,NVIDIA A10,4Gen-16xlanes,7688.5,23028.0,0,P0,73,DISK
2023-07-27 07:52:28,0,56.9,4.4,100,43,1.113723534453868,3.90625,15.625,NVIDIA A10,4Gen-16xlanes,7688.5,23028.0,0,P0,73,DISK
2023-07-27 07:52:29,0,91.4,4.4,59,43,1.113723534453868,0.0,11137.6953125,NVIDIA A10,4Gen-16xlanes,7688.5,23028.0,0,P0,72,DISK
2023-07-27 07:52:31,0,53.2,4.5,100,45,1.113723534453868,12562.5,3951.171875,NVIDIA A10,4Gen-16xlanes,7688.5,23028.0,0,P0,73,DISK
2023-07-27 07:52:32,0,97.1,4.4,78,48,1.113723534453868,222.65625,10.7421875,NVIDIA A10,4Gen-16xlanes,7688.5,23028.0,0,P0,73,DISK
2023-07-27 07:52:33,0,46.3,4.4,99,41,1.113723534453868,359.375,5823.2421875,NVIDIA A10,4Gen-16xlanes,7688.5,23028.0,0,P0,73,DISK
2023-07-27 07:52:34,0,94.8,4.4,93,43,1.113723534453868,0.0,0.9765625,NVIDIA A10,4Gen-16xlanes,7688.5,23028.0,0,P0,71,DISK
2023-07-27 07:52:35,0,53.6,4.4,84,50,1.113723534453868,1262.6953125,14.6484375,NVIDIA A10,4Gen-16xlanes,7688.5,23028.0,0,P0,73,DISK
2023-07-27 07:52:36,0,91.5,4.4,57,35,1.113723534453868,4.8828125,10.7421875,NVIDIA A10,4Gen-16xlanes,7688.5,23028.0,0,P0,73,DISK
2023-07-27 07:52:37,0,53.4,4.4,100,62,1.113723534453868,659.1796875,15.625,NVIDIA A10,4Gen-16xlanes,7688.5,23028.0,0,P0,73,DISK
2023-07-27 07:52:38,0,82.6,4.4,100,56,1.113723534453868,6903.3203125,17.578125,NVIDIA A10,4Gen-16xlanes,7688.5,23028.0,0,P0,73,DISK
2023-07-27 07:52:40,0,62.6,4.4,100,66,1.113723534453868,1170.8984375,32.2265625,NVIDIA A10,4Gen-16xlanes,7688.5,23028.0,0,P0,73,DISK
2023-07-27 07:52:41,0,69.6,4.4,100,48,1.113723534453868,2.9296875,10.7421875,NVIDIA A10,4Gen-16xlanes,7688.5,23028.0,0,P0,73,DISK
2023-07-27 07:52:42,0,75.2,4.4,100,64,1.113723534453868,279.296875,32.2265625,NVIDIA A10,4Gen-16xlanes,7688.5,23028.0,0,P0,73,DISK
2023-07-27 07:52:43,0,60.8,4.4,100,46,1.113723534453868,5.859375,12.6953125,NVIDIA A10,4Gen-16xlanes,7688.5,23028.0,0,P0,73,DISK
2023-07-27 07:52:44,0,83.5,4.4,97,60,1.113723534453868,929.6875,0.0,NVIDIA A10,4Gen-16xlanes,7688.5,23028.0,0,P0,72,DISK
2023-07-27 07:52:45,0,55.3,4.4,100,47,1.113723534453868,3.90625,10.7421875,NVIDIA A10,4Gen-16xlanes,7688.5,23028.0,0,P0,73,DISK
2023-07-27 07:52:46,0,94.6,4.4,69,46,1.113723534453868,589.84375,19.53125,NVIDIA A10,4Gen-16xlanes,7688.5,23028.0,0,P0,73,DISK
2023-07-27 07:52:47,0,52.9,4.4,99,57,1.113723534453868,8.7890625,10.7421875,NVIDIA A10,4Gen-16xlanes,7688.5,23028.0,0,P0,72,DISK
2023-07-27 07:52:48,0,96.8,4.4,73,32,1.113723534453868,2.9296875,12.6953125,NVIDIA A10,4Gen-16xlanes,7688.5,23028.0,0,P0,73,DISK
2023-07-27 07:52:49,0,52.1,4.4,100,63,1.113723534453868,2901.3671875,10.7421875,NVIDIA A10,4Gen-16xlanes,7688.5,23028.0,0,P0,73,DISK
2023-07-27 07:52:51,0,70.8,4.4,12,5,1.113723534453868,2.9296875,10.7421875,NVIDIA A10,4Gen-16xlanes,7688.5,23028.0,0,P0,73,DISK
2023-07-27 07:52:52,0,56.2,4.4,100,63,1.113723534453868,3.90625,20.5078125,NVIDIA A10,4Gen-16xlanes,7688.5,23028.0,0,P0,73,DISK
2023-07-27 07:52:53,0,55.9,4.4,100,46,1.113723534453868,3.90625,13.671875,NVIDIA A10,4Gen-16xlanes,7688.5,23028.0,0,P0,73,DISK
2023-07-27 07:52:54,0,56.7,4.4,18,16,1.113723534453868,118.1640625,2023.4375,NVIDIA A10,4Gen-16xlanes,9000.5,23028.0,0,P0,71,DISK
2023-07-27 07:52:55,0,93.1,4.4,2,0,1.113723534453868,83.984375,964.84375,NVIDIA A10,4Gen-16xlanes,9136.5,23028.0,0,P0,70,DISK
2023-07-27 07:52:56,0,96.3,4.4,26,25,1.113723534453868,216.796875,44.921875,NVIDIA A10,4Gen-16xlanes,9136.5,23028.0,0,P0,71,DISK
2023-07-27 07:52:57,0,90.1,4.4,19,20,1.113723534453868,72.265625,492.1875,NVIDIA A10,4Gen-16xlanes,9136.5,23028.0,0,P0,69,DISK
2023-07-27 07:52:58,0,93.8,4.4,14,13,1.113723534453868,41.9921875,109.375,NVIDIA A10,4Gen-16xlanes,9136.5,23028.0,0,P0,69,DISK
2023-07-27 07:52:59,0,93.7,4.4,37,38,1.113723534453868,232.421875,316.40625,NVIDIA A10,4Gen-16xlanes,9136.5,23028.0,0,P0,69,DISK
2023-07-27 07:53:01,0,84.7,4.4,6,0,1.113723534453868,70.3125,1531.25,NVIDIA A10,4Gen-16xlanes,9136.5,23028.0,0,P0,68,DISK
2023-07-27 07:53:02,0,92.8,4.5,15,13,1.113723534453868,51.7578125,382.8125,NVIDIA A10,4Gen-16xlanes,9136.5,23028.0,0,P0,68,DISK
2023-07-27 07:53:03,0,90.6,4.4,19,18,1.113723534453868,46.875,710.9375,NVIDIA A10,4Gen-16xlanes,9136.5,23028.0,0,P0,68,DISK
2023-07-27 07:53:04,0,90.8,4.4,2,0,1.113723534453868,31.25,416.9921875,NVIDIA A10,4Gen-16xlanes,9136.5,23028.0,0,P0,68,DISK
2023-07-27 07:53:05,0,98.2,4.4,14,13,1.113723534453868,33.203125,738.28125,NVIDIA A10,4Gen-16xlanes,9136.5,23028.0,0,P0,67,DISK
2023-07-27 07:53:06,0,92.9,4.4,14,13,1.113723534453868,64.453125,22.4609375,NVIDIA A10,4Gen-16xlanes,9136.5,23028.0,0,P0,68,DISK
2023-07-27 07:53:07,0,99.1,4.4,24,24,1.113723534453868,33.203125,437.5,NVIDIA A10,4Gen-16xlanes,9136.5,23028.0,0,P0,67,DISK
2023-07-27 07:53:08,0,86.7,4.4,16,13,1.113723534453868,41.9921875,875.0,NVIDIA A10,4Gen-16xlanes,9136.5,23028.0,0,P0,67,DISK
2023-07-27 07:53:09,0,97.1,4.4,7,0,1.113723534453868,137.6953125,22.4609375,NVIDIA A10,4Gen-16xlanes,9136.5,23028.0,0,P0,67,DISK
2023-07-27 07:53:11,0,93.9,4.4,17,13,1.113723534453868,9.765625,984.375,NVIDIA A10,4Gen-16xlanes,9136.5,23028.0,0,P0,66,DISK
2023-07-27 07:53:12,0,98.6,4.5,12,11,1.113723534453868,46.875,1148.4375,NVIDIA A10,4Gen-16xlanes,9136.5,23028.0,0,P0,66,DISK
2023-07-27 07:53:13,0,93.7,4.5,3,0,1.113723534453868,93.75,1312.5,NVIDIA A10,4Gen-16xlanes,9136.5,23028.0,0,P0,66,DISK
2023-07-27 07:53:14,0,85.8,4.5,2,0,1.113723534453868,126.953125,0.9765625,NVIDIA A10,4Gen-16xlanes,9136.5,23028.0,0,P0,66,DISK
2023-07-27 07:53:15,0,89.0,4.4,25,25,1.113723534453868,12.6953125,328.125,NVIDIA A10,4Gen-16xlanes,9136.5,23028.0,0,P0,66,DISK
2023-07-27 07:53:16,0,92.3,4.4,38,38,1.113723534453868,61.5234375,382.8125,NVIDIA A10,4Gen-16xlanes,9136.5,23028.0,0,P0,66,DISK
2023-07-27 07:53:17,0,82.7,4.4,2,0,1.113723534453868,70.3125,1421.875,NVIDIA A10,4Gen-16xlanes,9136.5,23028.0,0,P0,65,DISK
2023-07-27 07:53:18,0,94.4,4.4,7,6,1.113723534453868,508.7890625,34.1796875,NVIDIA A10,4Gen-16xlanes,9136.5,23028.0,0,P0,66,DISK
2023-07-27 07:53:19,0,91.0,4.4,15,13,1.113723534453868,28.3203125,34.1796875,NVIDIA A10,4Gen-16xlanes,9136.5,23028.0,0,P0,65,DISK
2023-07-27 07:53:21,0,87.4,4.4,4,0,1.113723534453868,112.3046875,1585.9375,NVIDIA A10,4Gen-16xlanes,9136.5,23028.0,0,P0,65,DISK
2023-07-27 07:53:22,0,91.8,4.5,2,0,1.113723534453868,0.0,1479.4921875,NVIDIA A10,4Gen-16xlanes,9136.5,23028.0,0,P0,65,DISK
2023-07-27 07:53:23,0,93.0,4.4,10,8,1.113723534453868,33.203125,224.609375,NVIDIA A10,4Gen-16xlanes,9136.5,23028.0,0,P0,65,DISK
2023-07-27 07:53:24,0,86.4,4.4,17,16,1.113723534453868,244.140625,1707.03125,NVIDIA A10,4Gen-16xlanes,9136.5,23028.0,0,P0,66,DISK
2023-07-27 07:53:25,0,89.0,4.4,13,13,1.113723534453868,18.5546875,1039.0625,NVIDIA A10,4Gen-16xlanes,9136.5,23028.0,0,P0,64,DISK
2023-07-27 07:53:26,0,86.3,4.4,2,0,1.113723534453868,177.734375,2023.4375,NVIDIA A10,4Gen-16xlanes,9136.5,23028.0,0,P0,64,DISK
2023-07-27 07:53:27,0,98.5,4.5,13,13,1.113723534453868,56.640625,273.4375,NVIDIA A10,4Gen-16xlanes,9136.5,23028.0,0,P0,64,DISK
2023-07-27 07:53:28,0,85.8,4.4,42,42,1.113723534453868,37.109375,990.234375,NVIDIA A10,4Gen-16xlanes,9136.5,23028.0,0,P0,64,DISK
2023-07-27 07:53:29,0,92.0,4.4,26,25,1.113723534453868,48.828125,382.8125,NVIDIA A10,4Gen-16xlanes,9136.5,23028.0,0,P0,64,DISK
2023-07-27 07:53:31,0,97.3,4.4,34,31,1.113723534453868,0.0,2958.984375,NVIDIA A10,4Gen-16xlanes,9136.5,23028.0,0,P0,64,DISK
2023-07-27 07:53:32,0,94.0,4.4,12,11,1.113723534453868,30.2734375,17.578125,NVIDIA A10,4Gen-16xlanes,9136.5,23028.0,0,P0,65,DISK
2023-07-27 07:53:33,0,95.9,4.4,13,13,1.113723534453868,33.203125,1263.671875,NVIDIA A10,4Gen-16xlanes,9136.5,23028.0,0,P0,63,DISK
2023-07-27 07:53:34,0,89.8,4.4,7,0,1.113723534453868,6.8359375,2958.984375,NVIDIA A10,4Gen-16xlanes,9136.5,23028.0,0,P0,64,DISK
2023-07-27 07:53:35,0,93.2,4.4,7,0,1.113723534453868,116.2109375,546.875,NVIDIA A10,4Gen-16xlanes,9136.5,23028.0,0,P0,63,DISK
2023-07-27 07:53:36,0,97.4,4.4,6,0,1.113723534453868,51.7578125,601.5625,NVIDIA A10,4Gen-16xlanes,9136.5,23028.0,0,P0,63,DISK
2023-07-27 07:53:37,0,91.6,4.4,37,38,1.113723534453868,23.4375,382.8125,NVIDIA A10,4Gen-16xlanes,9136.5,23028.0,0,P0,63,DISK
2023-07-27 07:53:38,0,95.3,4.4,27,25,1.113723534453868,180.6640625,1777.34375,NVIDIA A10,4Gen-16xlanes,9136.5,23028.0,0,P0,63,DISK
2023-07-27 07:53:39,0,84.1,4.4,27,25,1.113723534453868,4.8828125,2214.84375,NVIDIA A10,4Gen-16xlanes,9136.5,23028.0,0,P0,64,DISK
2023-07-27 07:53:41,0,94.2,4.4,39,38,1.113723534453868,18.5546875,2218.75,NVIDIA A10,4Gen-16xlanes,9136.5,23028.0,0,P0,63,DISK
2023-07-27 07:53:42,0,89.8,4.4,25,25,1.113723534453868,28.3203125,47.8515625,NVIDIA A10,4Gen-16xlanes,9136.5,23028.0,0,P0,64,DISK
2023-07-27 07:53:43,0,99.3,4.4,13,13,1.113723534453868,29.296875,42.96875,NVIDIA A10,4Gen-16xlanes,9136.5,23028.0,0,P0,64,DISK
2023-07-27 07:53:44,0,92.4,4.4,38,39,1.113723534453868,310.546875,1014.6484375,NVIDIA A10,4Gen-16xlanes,9136.5,23028.0,0,P0,64,DISK
2023-07-27 07:53:45,0,86.4,4.4,27,25,1.113723534453868,21.484375,40.0390625,NVIDIA A10,4Gen-16xlanes,9136.5,23028.0,0,P0,64,DISK
2023-07-27 07:53:46,0,95.0,4.4,16,15,1.113723534453868,0.0,765.625,NVIDIA A10,4Gen-16xlanes,9136.5,23028.0,0,P0,63,DISK
2023-07-27 07:53:47,0,93.2,4.4,13,12,1.113723534453868,88.8671875,907.2265625,NVIDIA A10,4Gen-16xlanes,9136.5,23028.0,0,P0,63,DISK
2023-07-27 07:53:49,0,97.3,4.4,6,5,1.113723534453868,103.515625,5.859375,NVIDIA A10,4Gen-16xlanes,9136.5,23028.0,0,P0,63,DISK
2023-07-27 07:53:50,0,86.9,4.4,3,0,1.113723534453868,145.5078125,1640.625,NVIDIA A10,4Gen-16xlanes,9136.5,23028.0,0,P0,62,DISK
2023-07-27 07:53:51,0,98.0,4.5,12,13,1.113723534453868,98.6328125,710.9375,NVIDIA A10,4Gen-16xlanes,9136.5,23028.0,0,P0,62,DISK
2023-07-27 07:53:52,0,99.1,4.4,29,21,1.113723534453868,507.8125,0.0,NVIDIA A10,4Gen-16xlanes,9136.5,23028.0,0,P0,63,DISK
2023-07-27 07:53:53,0,94.1,4.4,27,25,1.113723534453868,33.203125,145.5078125,NVIDIA A10,4Gen-16xlanes,9136.5,23028.0,0,P0,63,DISK
2023-07-27 07:53:54,0,82.8,4.4,4,0,1.113723534453868,46.875,377.9296875,NVIDIA A10,4Gen-16xlanes,9136.5,23028.0,0,P0,63,DISK
2023-07-27 07:53:55,0,94.0,4.4,17,13,1.113723534453868,37.109375,54.6875,NVIDIA A10,4Gen-16xlanes,9136.5,23028.0,0,P0,62,DISK
2023-07-27 07:53:57,0,94.6,4.5,10,9,1.113723534453868,65.4296875,164.0625,NVIDIA A10,4Gen-16xlanes,9136.5,23028.0,0,P0,62,DISK
2023-07-27 07:53:58,0,86.2,4.5,13,13,1.113723534453868,263.671875,2460.9375,NVIDIA A10,4Gen-16xlanes,9136.5,23028.0,0,P0,62,DISK
2023-07-27 07:53:59,0,96.1,4.5,14,13,1.113723534453868,0.0,731.4453125,NVIDIA A10,4Gen-16xlanes,9136.5,23028.0,0,P0,62,DISK
2023-07-27 07:54:00,0,93.4,4.5,13,13,1.113723534453868,18.5546875,328.125,NVIDIA A10,4Gen-16xlanes,9136.5,23028.0,0,P0,62,DISK
2023-07-27 07:54:01,0,84.2,4.5,48,49,1.113723534453868,93.75,601.5625,NVIDIA A10,4Gen-16xlanes,9136.5,23028.0,0,P0,62,DISK
2023-07-27 07:54:02,0,84.0,4.4,2,0,1.113723534453868,28.3203125,273.4375,NVIDIA A10,4Gen-16xlanes,9136.5,23028.0,0,P0,63,DISK
2023-07-27 07:54:03,0,92.6,4.4,7,6,1.113723534453868,37.109375,382.8125,NVIDIA A10,4Gen-16xlanes,9136.5,23028.0,0,P0,63,DISK
2023-07-27 07:54:04,0,93.4,4.4,32,33,1.113723534453868,98.6328125,492.1875,NVIDIA A10,4Gen-16xlanes,9136.5,23028.0,0,P0,63,DISK
2023-07-27 07:54:06,0,88.5,4.4,13,13,1.113723534453868,18.5546875,437.5,NVIDIA A10,4Gen-16xlanes,9136.5,23028.0,0,P0,62,DISK
2023-07-27 07:54:07,0,91.9,4.4,28,26,1.113723534453868,51.7578125,382.8125,NVIDIA A10,4Gen-16xlanes,9136.5,23028.0,0,P0,62,DISK
2023-07-27 07:54:08,0,91.7,4.4,10,9,1.113723534453868,107.421875,929.6875,NVIDIA A10,4Gen-16xlanes,9136.5,23028.0,0,P0,62,DISK
2023-07-27 07:54:09,0,94.6,4.4,6,0,1.113723534453868,482.421875,851.5625,NVIDIA A10,4Gen-16xlanes,9136.5,23028.0,0,P0,62,DISK
2023-07-27 07:54:10,0,99.7,4.4,46,48,1.113723534453868,68.359375,391.6015625,NVIDIA A10,4Gen-16xlanes,9136.5,23028.0,0,P0,63,DISK
2023-07-27 07:54:11,0,99.5,4.4,35,33,1.113723534453868,34.1796875,2502.9296875,NVIDIA A10,4Gen-16xlanes,9136.5,23028.0,0,P0,64,DISK
2023-07-27 07:54:12,0,96.9,4.4,38,38,1.113723534453868,37.109375,273.4375,NVIDIA A10,4Gen-16xlanes,9136.5,23028.0,0,P0,62,DISK
2023-07-27 07:54:14,0,84.7,4.4,13,12,1.113723534453868,0.0,1262.6953125,NVIDIA A10,4Gen-16xlanes,9136.5,23028.0,0,P0,62,DISK
2023-07-27 07:54:15,0,98.0,4.4,14,12,1.113723534453868,4.8828125,261.71875,NVIDIA A10,4Gen-16xlanes,9136.5,23028.0,0,P0,63,DISK
2023-07-27 07:54:16,0,93.1,4.4,38,38,1.113723534453868,33.203125,328.125,NVIDIA A10,4Gen-16xlanes,9136.5,23028.0,0,P0,62,DISK
2023-07-27 07:54:17,0,93.0,4.4,11,10,1.113723534453868,33.203125,820.3125,NVIDIA A10,4Gen-16xlanes,9136.5,23028.0,0,P0,62,DISK
2023-07-27 07:54:18,0,92.4,4.4,25,25,1.113723534453868,29.296875,273.4375,NVIDIA A10,4Gen-16xlanes,9136.5,23028.0,0,P0,62,DISK
2023-07-27 07:54:19,0,84.0,4.4,33,32,1.113723534453868,221.6796875,328.125,NVIDIA A10,4Gen-16xlanes,9136.5,23028.0,0,P0,62,DISK
2023-07-27 07:54:20,0,98.7,4.4,22,23,1.113723534453868,80.078125,120.1171875,NVIDIA A10,4Gen-16xlanes,9136.5,23028.0,0,P0,63,DISK
2023-07-27 07:54:21,0,98.1,4.4,27,25,1.113723534453868,41.015625,656.25,NVIDIA A10,4Gen-16xlanes,9136.5,23028.0,0,P0,63,DISK
2023-07-27 07:54:23,0,90.9,4.4,14,12,1.113723534453868,44.921875,218.75,NVIDIA A10,4Gen-16xlanes,9136.5,23028.0,0,P0,62,DISK
2023-07-27 07:54:24,0,91.2,4.4,19,18,1.113723534453868,98.6328125,969.7265625,NVIDIA A10,4Gen-16xlanes,9136.5,23028.0,0,P0,63,DISK
2023-07-27 07:54:25,0,95.8,4.4,3,0,1.113723534453868,27.34375,758.7890625,NVIDIA A10,4Gen-16xlanes,9136.5,23028.0,0,P0,63,DISK
2023-07-27 07:54:26,0,99.5,4.4,30,29,1.113723534453868,46.875,382.8125,NVIDIA A10,4Gen-16xlanes,9136.5,23028.0,0,P0,63,DISK
2023-07-27 07:54:27,0,87.4,4.4,36,38,1.113723534453868,65.4296875,3195.3125,NVIDIA A10,4Gen-16xlanes,9136.5,23028.0,0,P0,62,DISK
2023-07-27 07:54:28,0,92.9,4.4,13,11,1.113723534453868,122.0703125,54.6875,NVIDIA A10,4Gen-16xlanes,9136.5,23028.0,0,P0,63,DISK
2023-07-27 07:54:29,0,97.4,4.4,38,39,1.113723534453868,37.109375,492.1875,NVIDIA A10,4Gen-16xlanes,9136.5,23028.0,0,P0,62,DISK
2023-07-27 07:54:31,0,94.4,4.4,38,38,1.113723534453868,112.3046875,886.71875,NVIDIA A10,4Gen-16xlanes,9136.5,23028.0,0,P0,62,DISK
2023-07-27 07:54:32,0,94.2,4.4,5,2,1.113723534453868,88.8671875,1105.46875,NVIDIA A10,4Gen-16xlanes,9136.5,23028.0,0,P0,62,DISK
2023-07-27 07:54:33,0,89.1,4.4,13,12,1.113723534453868,62.5,44.921875,NVIDIA A10,4Gen-16xlanes,9136.5,23028.0,0,P0,63,DISK
2023-07-27 07:54:34,0,89.2,4.4,7,1,1.113723534453868,105.46875,384.765625,NVIDIA A10,4Gen-16xlanes,9136.5,23028.0,0,P0,62,DISK
2023-07-27 07:54:35,0,99.3,4.4,18,13,1.113723534453868,98.6328125,656.25,NVIDIA A10,4Gen-16xlanes,9136.5,23028.0,0,P0,62,DISK
2023-07-27 07:54:36,0,94.1,4.5,14,12,1.113723534453868,70.3125,1203.125,NVIDIA A10,4Gen-16xlanes,9136.5,23028.0,0,P0,61,DISK
2023-07-27 07:54:37,0,89.5,4.4,14,13,1.113723534453868,46.875,546.875,NVIDIA A10,4Gen-16xlanes,9136.5,23028.0,0,P0,61,DISK
2023-07-27 07:54:38,0,86.8,4.4,12,12,1.113723534453868,33.203125,273.4375,NVIDIA A10,4Gen-16xlanes,9136.5,23028.0,0,P0,61,DISK
2023-07-27 07:54:40,0,86.6,4.4,17,13,1.113723534453868,41.9921875,546.875,NVIDIA A10,4Gen-16xlanes,9136.5,23028.0,0,P0,61,DISK
2023-07-27 07:54:41,0,88.9,4.4,2,0,1.113723534453868,588.8671875,2394.53125,NVIDIA A10,4Gen-16xlanes,9136.5,23028.0,0,P0,61,DISK
2023-07-27 07:54:42,0,91.2,4.4,30,30,1.113723534453868,65.4296875,218.75,NVIDIA A10,4Gen-16xlanes,9136.5,23028.0,0,P0,61,DISK
2023-07-27 07:54:43,0,97.0,4.5,13,12,1.113723534453868,145.5078125,1367.1875,NVIDIA A10,4Gen-16xlanes,9136.5,23028.0,0,P0,61,DISK
2023-07-27 07:54:44,0,88.6,4.4,39,40,1.113723534453868,41.9921875,382.8125,NVIDIA A10,4Gen-16xlanes,9136.5,23028.0,0,P0,62,DISK
2023-07-27 07:54:45,0,90.4,4.4,15,13,1.113723534453868,25.390625,22.4609375,NVIDIA A10,4Gen-16xlanes,9136.5,23028.0,0,P0,63,DISK
2023-07-27 07:54:46,0,83.9,4.4,13,12,1.113723534453868,23.4375,328.125,NVIDIA A10,4Gen-16xlanes,9136.5,23028.0,0,P0,61,DISK
2023-07-27 07:54:47,0,94.4,4.4,20,13,1.113723534453868,59.5703125,1093.75,NVIDIA A10,4Gen-16xlanes,9136.5,23028.0,0,P0,62,DISK
2023-07-27 07:54:48,0,98.0,4.4,27,25,1.113723534453868,27.34375,18.5546875,NVIDIA A10,4Gen-16xlanes,9136.5,23028.0,0,P0,62,DISK
2023-07-27 07:54:50,0,99.0,4.4,8,6,1.113723534453868,75.1953125,2843.75,NVIDIA A10,4Gen-16xlanes,9136.5,23028.0,0,P0,62,DISK
2023-07-27 07:54:51,0,87.6,4.4,50,49,1.113723534453868,84.9609375,875.0,NVIDIA A10,4Gen-16xlanes,9136.5,23028.0,0,P0,62,DISK
2023-07-27 07:54:52,0,93.3,4.4,5,0,1.113723534453868,337.890625,29.296875,NVIDIA A10,4Gen-16xlanes,9136.5,23028.0,0,P0,62,DISK
2023-07-27 07:54:53,0,93.8,4.5,5,0,1.113723534453868,61.5234375,1148.4375,NVIDIA A10,4Gen-16xlanes,9136.5,23028.0,0,P0,61,DISK
2023-07-27 07:54:54,0,95.7,4.5,12,12,1.113723534453868,28.3203125,328.125,NVIDIA A10,4Gen-16xlanes,9136.5,23028.0,0,P0,61,DISK
2023-07-27 07:54:55,0,97.8,4.5,10,11,1.113723534453868,41.9921875,601.5625,NVIDIA A10,4Gen-16xlanes,9136.5,23028.0,0,P0,61,DISK
2023-07-27 07:54:56,0,89.1,4.5,13,12,1.113723534453868,41.9921875,0.0,NVIDIA A10,4Gen-16xlanes,9136.5,23028.0,0,P0,62,DISK
2023-07-27 07:54:57,0,90.0,4.4,27,25,1.113723534453868,112.3046875,16.6015625,NVIDIA A10,4Gen-16xlanes,9136.5,23028.0,0,P0,63,DISK
2023-07-27 07:54:58,0,86.4,4.4,2,0,1.113723534453868,42.96875,285.15625,NVIDIA A10,4Gen-16xlanes,9136.5,23028.0,0,P0,62,DISK
2023-07-27 07:55:00,0,87.5,4.4,20,13,1.113723534453868,302.734375,41.9921875,NVIDIA A10,4Gen-16xlanes,9136.5,23028.0,0,P0,62,DISK
2023-07-27 07:55:01,0,95.2,4.4,4,0,1.113723534453868,288.0859375,492.1875,NVIDIA A10,4Gen-16xlanes,9136.5,23028.0,0,P0,61,DISK
2023-07-27 07:55:02,0,96.8,4.4,6,0,1.113723534453868,46.875,9036.1328125,NVIDIA A10,4Gen-16xlanes,9136.5,23028.0,0,P0,62,DISK
2023-07-27 07:55:03,0,94.8,4.5,13,12,1.113723534453868,84.9609375,1034.1796875,NVIDIA A10,4Gen-16xlanes,9136.5,23028.0,0,P0,61,DISK
2023-07-27 07:55:04,0,90.5,4.5,50,51,1.113723534453868,0.0,0.0,NVIDIA A10,4Gen-16xlanes,9136.5,23028.0,0,P0,62,DISK
2023-07-27 07:55:05,0,93.8,4.4,25,24,1.113723534453868,18.5546875,492.1875,NVIDIA A10,4Gen-16xlanes,9136.5,23028.0,0,P0,61,DISK
2023-07-27 07:55:06,0,97.1,4.4,27,25,1.113723534453868,28.3203125,273.4375,NVIDIA A10,4Gen-16xlanes,9136.5,23028.0,0,P0,61,DISK
2023-07-27 07:55:07,0,93.4,4.4,26,25,1.113723534453868,410.15625,32.2265625,NVIDIA A10,4Gen-16xlanes,9136.5,23028.0,0,P0,62,DISK
2023-07-27 07:55:08,0,96.5,4.4,24,25,1.113723534453868,30.2734375,45.8984375,NVIDIA A10,4Gen-16xlanes,9136.5,23028.0,0,P0,63,DISK
2023-07-27 07:55:10,0,89.4,4.4,11,10,1.113723534453868,59.5703125,577.1484375,NVIDIA A10,4Gen-16xlanes,9136.5,23028.0,0,P0,62,DISK
2023-07-27 07:55:11,0,85.3,4.4,6,0,1.113723534453868,51.7578125,3031.25,NVIDIA A10,4Gen-16xlanes,9136.5,23028.0,0,P0,61,DISK
2023-07-27 07:55:12,0,96.7,4.4,23,16,1.113723534453868,215.8203125,3195.3125,NVIDIA A10,4Gen-16xlanes,9136.5,23028.0,0,P0,62,DISK
2023-07-27 07:55:13,0,83.3,4.4,16,13,1.113723534453868,84.9609375,546.875,NVIDIA A10,4Gen-16xlanes,9136.5,23028.0,0,P0,61,DISK
2023-07-27 07:55:14,0,97.6,4.5,13,12,1.113723534453868,33.203125,984.375,NVIDIA A10,4Gen-16xlanes,9136.5,23028.0,0,P0,61,DISK
2023-07-27 07:55:15,0,92.5,4.5,1,0,1.113723534453868,46.875,765.625,NVIDIA A10,4Gen-16xlanes,9136.5,23028.0,0,P0,61,DISK
2023-07-27 07:55:16,0,90.3,4.5,48,51,1.113723534453868,0.0,164.0625,NVIDIA A10,4Gen-16xlanes,9136.5,23028.0,0,P0,62,DISK
2023-07-27 07:55:17,0,86.3,4.4,38,38,1.113723534453868,51.7578125,339.84375,NVIDIA A10,4Gen-16xlanes,9136.5,23028.0,0,P0,61,DISK
2023-07-27 07:55:19,0,92.1,4.4,3,0,1.113723534453868,51.7578125,929.6875,NVIDIA A10,4Gen-16xlanes,9136.5,23028.0,0,P0,61,DISK
2023-07-27 07:55:20,0,91.0,4.4,37,37,1.113723534453868,71.2890625,546.875,NVIDIA A10,4Gen-16xlanes,9136.5,23028.0,0,P0,61,DISK
2023-07-27 07:55:21,0,91.8,4.4,4,3,1.113723534453868,60.546875,1134.765625,NVIDIA A10,4Gen-16xlanes,9136.5,23028.0,0,P0,62,DISK
2023-07-27 07:55:22,0,95.7,4.4,28,25,1.113723534453868,88.8671875,902.34375,NVIDIA A10,4Gen-16xlanes,9136.5,23028.0,0,P0,62,DISK
2023-07-27 07:55:23,0,93.3,4.4,15,13,1.113723534453868,37.109375,328.125,NVIDIA A10,4Gen-16xlanes,9136.5,23028.0,0,P0,61,DISK
2023-07-27 07:55:24,0,95.8,4.5,50,49,1.113723534453868,27.34375,1114.2578125,NVIDIA A10,4Gen-16xlanes,9136.5,23028.0,0,P0,62,DISK
2023-07-27 07:55:25,0,99.7,4.4,19,13,1.113723534453868,249.0234375,2214.84375,NVIDIA A10,4Gen-16xlanes,9136.5,23028.0,0,P0,62,DISK
2023-07-27 07:55:26,0,87.2,4.4,27,26,1.113723534453868,7.8125,23.4375,NVIDIA A10,4Gen-16xlanes,9136.5,23028.0,0,P0,63,DISK
2023-07-27 07:55:28,0,92.5,4.4,14,13,1.113723534453868,56.640625,273.4375,NVIDIA A10,4Gen-16xlanes,9136.5,23028.0,0,P0,61,DISK
2023-07-27 07:55:29,0,94.0,4.4,14,13,1.113723534453868,81.0546875,984.375,NVIDIA A10,4Gen-16xlanes,9136.5,23028.0,0,P0,61,DISK
2023-07-27 07:55:30,0,90.6,4.4,5,0,1.113723534453868,125.0,390.625,NVIDIA A10,4Gen-16xlanes,9136.5,23028.0,0,P0,62,DISK
2023-07-27 07:55:31,0,92.2,4.4,6,0,1.113723534453868,112.3046875,1364.2578125,NVIDIA A10,4Gen-16xlanes,9136.5,23028.0,0,P0,61,DISK
2023-07-27 07:55:32,0,92.5,4.4,31,32,1.113723534453868,72.265625,710.9375,NVIDIA A10,4Gen-16xlanes,9136.5,23028.0,0,P0,61,DISK
2023-07-27 07:55:33,0,91.3,4.4,27,25,1.113723534453868,37.109375,218.75,NVIDIA A10,4Gen-16xlanes,9136.5,23028.0,0,P0,61,DISK
2023-07-27 07:55:34,0,99.4,4.4,15,13,1.113723534453868,18.5546875,2460.9375,NVIDIA A10,4Gen-16xlanes,9136.5,23028.0,0,P0,61,DISK
2023-07-27 07:55:35,0,95.8,4.4,14,13,1.113723534453868,74.21875,437.5,NVIDIA A10,4Gen-16xlanes,9136.5,23028.0,0,P0,62,DISK
2023-07-27 07:55:37,0,93.9,4.4,17,13,1.113723534453868,121.09375,1480.46875,NVIDIA A10,4Gen-16xlanes,9136.5,23028.0,0,P0,62,DISK
