TIME,GPU_ID,CPU%,MEM%,GPU%,GPUMEM%,CXLMEM%,PCI_TX_MBps,PCI_RX_MBps,PRODUCT,PCI_INFO,GPUMEM_USED_MB,GPUMEM_TOTAL_MB,CXL_PMEM_USED_MB,PERFORMANCE_STATE,GPU_TEMPERATURE_C
2023-07-23 02:32:00,0,8.2,1.6,0,0,0.7009642970863512,0.0,0.0,NVIDIA A10,1Gen-16xlanes,530.375,23028.0,0,P0,40
2023-07-23 02:32:01,0,2.9,2.0,0,0,1.9093171322630533,0.0,0.0,NVIDIA A10,4Gen-16xlanes,764.5,23028.0,0,P0,42
2023-07-23 02:32:02,0,4.1,3.0,1,0,4.894512322818581,1.953125,0.9765625,NVIDIA A10,4Gen-16xlanes,774.5,23028.0,0,P0,43
2023-07-23 02:32:03,0,7.2,3.9,2,0,7.641507237488687,0.0,3.90625,NVIDIA A10,4Gen-16xlanes,790.5,23028.0,0,P0,43
2023-07-23 02:32:04,0,51.5,4.4,0,0,8.958919013086982,0.9765625,0.0,NVIDIA A10,4Gen-16xlanes,794.5,23028.0,0,P0,43
2023-07-23 02:32:05,0,51.4,4.8,0,0,10.355739963593733,0.0,0.0,NVIDIA A10,4Gen-16xlanes,796.5,23028.0,0,P0,43
2023-07-23 02:32:06,0,51.4,5.3,0,0,11.713728289524617,0.0,0.0,NVIDIA A10,4Gen-16xlanes,800.5,23028.0,0,P0,44
2023-07-23 02:32:07,0,51.4,5.7,0,0,12.916083352263708,0.0,0.0,NVIDIA A10,4Gen-16xlanes,802.5,23028.0,0,P0,44
2023-07-23 02:32:08,0,51.3,6.2,0,0,14.321151618328285,19.53125,104.4921875,NVIDIA A10,4Gen-16xlanes,806.5,23028.0,0,P0,44
2023-07-23 02:32:10,0,51.3,6.6,0,0,15.54071583731946,0.0,0.0,NVIDIA A10,4Gen-16xlanes,810.5,23028.0,0,P0,45
2023-07-23 02:32:11,0,51.6,7.0,0,0,16.711332056816012,0.0,10.7421875,NVIDIA A10,4Gen-16xlanes,812.5,23028.0,0,P0,45
2023-07-23 02:32:12,0,51.5,7.4,0,0,18.019391425014113,0.0,0.0,NVIDIA A10,4Gen-16xlanes,816.5,23028.0,0,P0,45
2023-07-23 02:32:13,0,51.2,7.8,0,0,19.33270981932233,18.5546875,38.0859375,NVIDIA A10,4Gen-16xlanes,818.5,23028.0,0,P0,45
2023-07-23 02:32:14,0,51.3,8.3,0,0,20.65124788030517,0.0,0.0,NVIDIA A10,4Gen-16xlanes,822.5,23028.0,0,P0,46
2023-07-23 02:32:15,0,51.6,8.7,0,0,21.960200404923818,0.9765625,0.0,NVIDIA A10,4Gen-16xlanes,826.5,23028.0,0,P0,46
2023-07-23 02:32:16,0,52.1,9.2,0,0,23.33454106247284,0.0,0.0,NVIDIA A10,4Gen-16xlanes,828.5,23028.0,0,P0,46
2023-07-23 02:32:17,0,51.8,9.6,0,0,24.529756929145357,0.0,0.0,NVIDIA A10,4Gen-16xlanes,832.5,23028.0,0,P0,46
2023-07-23 02:32:18,0,51.7,10.0,0,0,25.897563920404444,0.0,58.59375,NVIDIA A10,4Gen-16xlanes,836.5,23028.0,0,P0,46
2023-07-23 02:32:19,0,51.8,10.4,0,0,27.04570287459215,1.953125,0.0,NVIDIA A10,4Gen-16xlanes,838.5,23028.0,0,P0,46
2023-07-23 02:32:21,0,51.7,10.8,0,0,28.280144960195347,0.0,15.625,NVIDIA A10,4Gen-16xlanes,842.5,23028.0,0,P0,47
2023-07-23 02:32:22,0,51.8,11.2,0,0,29.47324450029851,0.9765625,0.0,NVIDIA A10,4Gen-16xlanes,844.5,23028.0,0,P0,47
2023-07-23 02:32:23,0,51.8,11.7,0,0,30.816945351149595,0.0,0.0,NVIDIA A10,4Gen-16xlanes,846.5,23028.0,0,P0,47
2023-07-23 02:32:24,0,51.6,12.1,0,0,32.00963010335576,0.0,0.0,NVIDIA A10,4Gen-16xlanes,850.5,23028.0,0,P0,47
2023-07-23 02:32:25,0,51.4,12.5,0,0,33.35448146078245,0.0,0.0,NVIDIA A10,4Gen-16xlanes,854.5,23028.0,0,P0,47
2023-07-23 02:32:26,0,51.5,12.9,0,0,34.506765266291254,0.0,17.578125,NVIDIA A10,4Gen-16xlanes,856.5,23028.0,0,P0,48
2023-07-23 02:32:27,0,51.7,13.3,0,0,35.79594118840487,37.109375,0.0,NVIDIA A10,4Gen-16xlanes,860.5,23028.0,0,P0,48
2023-07-23 02:32:28,0,51.6,13.8,0,0,37.09956505098909,0.9765625,0.0,NVIDIA A10,4Gen-16xlanes,862.5,23028.0,0,P0,48
2023-07-23 02:32:29,0,51.6,14.2,0,0,38.41296821946603,0.0,0.0,NVIDIA A10,4Gen-16xlanes,866.5,23028.0,0,P0,48
2023-07-23 02:32:30,0,51.8,14.7,0,0,39.75540956838171,0.0,0.0,NVIDIA A10,4Gen-16xlanes,868.5,23028.0,0,P0,48
2023-07-23 02:32:32,0,50.8,15.0,0,0,40.84373126358411,0.0,0.0,NVIDIA A10,4Gen-16xlanes,872.5,23028.0,0,P0,48
2023-07-23 02:32:33,0,52.0,15.4,0,0,42.04061839244015,0.0,16.6015625,NVIDIA A10,4Gen-16xlanes,876.5,23028.0,0,P0,49
2023-07-23 02:32:34,0,51.6,15.8,0,0,43.308488749362716,0.9765625,1.953125,NVIDIA A10,4Gen-16xlanes,878.5,23028.0,0,P0,49
2023-07-23 02:32:35,0,51.4,16.3,0,0,44.58826079404513,0.0,16.6015625,NVIDIA A10,4Gen-16xlanes,882.5,23028.0,0,P0,49
2023-07-23 02:32:36,0,51.5,16.7,0,0,45.977276465730995,0.9765625,83.0078125,NVIDIA A10,4Gen-16xlanes,884.5,23028.0,0,P0,49
2023-07-23 02:32:37,0,51.7,17.1,0,0,47.12169746709014,0.0,0.0,NVIDIA A10,4Gen-16xlanes,888.5,23028.0,0,P0,49
2023-07-23 02:32:38,0,51.6,17.6,0,0,48.52206682208799,0.0,66.40625,NVIDIA A10,4Gen-16xlanes,892.5,23028.0,0,P0,49
2023-07-23 02:32:39,0,51.4,17.9,0,0,49.61880840883457,1.953125,0.0,NVIDIA A10,4Gen-16xlanes,894.5,23028.0,0,P0,49
2023-07-23 02:32:40,0,51.3,18.4,0,0,50.85214237494652,0.0,0.9765625,NVIDIA A10,4Gen-16xlanes,898.5,23028.0,0,P0,49
2023-07-23 02:32:41,0,38.6,18.7,14,6,51.890162711603516,33.203125,123.046875,NVIDIA A10,4Gen-16xlanes,3028.5,23028.0,0,P0,50
2023-07-23 02:32:42,0,2.9,18.7,99,71,51.9246869918186,1268.5546875,760.7421875,NVIDIA A10,4Gen-16xlanes,3680.5,23028.0,0,P0,54
2023-07-23 02:32:44,0,2.9,18.7,99,75,51.92430550805931,1591.796875,2914.0625,NVIDIA A10,4Gen-16xlanes,3680.5,23028.0,0,P0,55
2023-07-23 02:32:45,0,2.9,18.7,99,78,51.92482929131611,848.6328125,18.5546875,NVIDIA A10,4Gen-16xlanes,3680.5,23028.0,0,P0,56
2023-07-23 02:32:46,0,2.9,18.7,99,82,51.92482929131611,1955.078125,712.890625,NVIDIA A10,4Gen-16xlanes,3680.5,23028.0,0,P0,56
2023-07-23 02:32:47,0,3.1,18.7,99,77,51.92423284448612,850.5859375,10239.2578125,NVIDIA A10,4Gen-16xlanes,3680.5,23028.0,0,P0,57
2023-07-23 02:32:48,0,3.1,18.7,99,70,51.92365759119831,848.6328125,17.578125,NVIDIA A10,4Gen-16xlanes,3680.5,23028.0,0,P0,58
2023-07-23 02:32:49,0,3.0,18.7,99,72,51.92325491389685,2465.8203125,5418.9453125,NVIDIA A10,4Gen-16xlanes,3680.5,23028.0,0,P0,58
2023-07-23 02:32:50,0,2.8,18.7,99,73,51.92344565577648,848.6328125,10720.703125,NVIDIA A10,4Gen-16xlanes,3680.5,23028.0,0,P0,59
2023-07-23 02:32:51,0,2.9,18.7,99,70,51.92313380794152,8.7890625,756.8359375,NVIDIA A10,4Gen-16xlanes,3680.5,23028.0,0,P0,59
2023-07-23 02:32:52,0,3.1,18.7,99,70,51.922943066061876,1590.8203125,13203.125,NVIDIA A10,4Gen-16xlanes,3680.5,23028.0,0,P0,59
2023-07-23 02:32:54,0,3.0,18.7,99,76,51.92313380794152,849.609375,760.7421875,NVIDIA A10,4Gen-16xlanes,3680.5,23028.0,0,P0,60
2023-07-23 02:32:55,0,2.8,18.7,99,72,51.922755351831114,69.3359375,757.8125,NVIDIA A10,4Gen-16xlanes,3680.5,23028.0,0,P0,61
2023-07-23 02:32:56,0,2.8,18.7,99,78,51.92256460995148,848.6328125,18.5546875,NVIDIA A10,4Gen-16xlanes,3680.5,23028.0,0,P0,61
2023-07-23 02:32:57,0,2.8,18.7,99,70,51.922307259796405,852.5390625,760.7421875,NVIDIA A10,4Gen-16xlanes,3680.5,23028.0,0,P0,62
2023-07-23 02:32:58,0,2.9,18.8,99,84,52.049501817028336,1453.125,3029.296875,NVIDIA A10,4Gen-16xlanes,3902.5,23028.0,0,P0,61
2023-07-23 02:32:59,0,45.2,19.0,43,20,52.76927084132822,8.7890625,22.4609375,NVIDIA A10,4Gen-16xlanes,7520.5,23028.0,0,P0,62
2023-07-23 02:33:00,0,49.1,19.0,100,45,52.93851944154774,3.90625,12.6953125,NVIDIA A10,4Gen-16xlanes,7574.5,23028.0,0,P0,63
2023-07-23 02:33:01,0,73.9,19.2,99,57,53.31457159873395,498.046875,20.5078125,NVIDIA A10,4Gen-16xlanes,7574.5,23028.0,0,P0,63
2023-07-23 02:33:03,0,23.2,19.2,100,44,53.39099551184357,2496.09375,46.875,NVIDIA A10,4Gen-16xlanes,7574.5,23028.0,0,P0,63
2023-07-23 02:33:04,0,72.1,19.3,100,56,53.692134552712865,2.9296875,10.7421875,NVIDIA A10,4Gen-16xlanes,7574.5,23028.0,0,P0,64
2023-07-23 02:33:05,0,47.8,19.4,97,56,53.91097906928802,1442.3828125,13.671875,NVIDIA A10,4Gen-16xlanes,7574.5,23028.0,0,P0,64
2023-07-23 02:33:06,0,48.4,19.4,100,51,54.06840470061866,3.90625,15.625,NVIDIA A10,4Gen-16xlanes,7574.5,23028.0,0,P0,64
2023-07-23 02:33:07,0,69.1,19.5,61,40,54.37702506187833,8607.421875,8639.6484375,NVIDIA A10,4Gen-16xlanes,7574.5,23028.0,0,P0,63
2023-07-23 02:33:08,0,32.8,19.6,100,55,54.444484106644815,11.71875,44.921875,NVIDIA A10,4Gen-16xlanes,7574.5,23028.0,0,P0,65
2023-07-23 02:33:09,0,87.3,19.7,100,46,54.820563512670965,47.8515625,12.6953125,NVIDIA A10,4Gen-16xlanes,7574.5,23028.0,0,P0,65
2023-07-23 02:33:10,0,24.8,19.7,100,62,54.94543586320949,6.8359375,5.859375,NVIDIA A10,4Gen-16xlanes,7574.5,23028.0,0,P0,65
2023-07-23 02:33:11,0,70.2,19.8,100,42,55.198359595613894,2.9296875,10.7421875,NVIDIA A10,4Gen-16xlanes,7574.5,23028.0,0,P0,66
2023-07-23 02:33:13,0,57.1,19.9,100,58,55.48828725266871,1096.6796875,22.4609375,NVIDIA A10,4Gen-16xlanes,7574.5,23028.0,0,P0,66
2023-07-23 02:33:14,0,30.6,19.9,100,45,55.57486590013258,4.8828125,19.53125,NVIDIA A10,4Gen-16xlanes,7574.5,23028.0,0,P0,67
2023-07-23 02:33:15,0,88.0,20.1,100,49,55.95208975743658,5.859375,5.859375,NVIDIA A10,4Gen-16xlanes,7574.5,23028.0,0,P0,67
2023-07-23 02:33:16,0,23.8,20.1,100,59,56.04892305166783,4.8828125,15.625,NVIDIA A10,4Gen-16xlanes,7574.5,23028.0,0,P0,67
2023-07-23 02:33:17,0,66.2,20.2,100,39,56.33045806601843,3.90625,10.7421875,NVIDIA A10,4Gen-16xlanes,7574.5,23028.0,0,P0,67
2023-07-23 02:33:18,0,54.7,20.3,95,59,56.60162943824185,549.8046875,12.6953125,NVIDIA A10,4Gen-16xlanes,7574.5,23028.0,0,P0,67
2023-07-23 02:33:19,0,41.0,20.3,100,45,56.70749118144279,2.9296875,10.7421875,NVIDIA A10,4Gen-16xlanes,7574.5,23028.0,0,P0,68
2023-07-23 02:33:20,0,70.3,20.4,67,46,57.047202469084,6809.5703125,9605.46875,NVIDIA A10,4Gen-16xlanes,7574.5,23028.0,0,P0,66
2023-07-23 02:33:22,0,23.6,20.4,100,40,57.08509652250607,4.8828125,15.625,NVIDIA A10,4Gen-16xlanes,7574.5,23028.0,0,P0,68
2023-07-23 02:33:23,0,88.7,20.6,100,44,57.460794444772944,3.90625,14.6484375,NVIDIA A10,4Gen-16xlanes,7574.5,23028.0,0,P0,68
2023-07-23 02:33:24,0,28.5,20.6,100,57,57.636467715922606,1591.796875,2958.984375,NVIDIA A10,4Gen-16xlanes,7574.5,23028.0,0,P0,68
2023-07-23 02:33:25,0,58.5,20.7,100,47,57.83839978583623,9708.984375,11845.703125,NVIDIA A10,4Gen-16xlanes,7574.5,23028.0,0,P0,68
2023-07-23 02:33:26,0,64.1,20.8,97,61,58.185422845530354,9.765625,4952.1484375,NVIDIA A10,4Gen-16xlanes,7574.5,23028.0,0,P0,68
2023-07-23 02:33:27,0,24.4,20.8,100,36,58.23679599178042,8.7890625,29.296875,NVIDIA A10,4Gen-16xlanes,7574.5,23028.0,0,P0,69
2023-07-23 02:33:28,0,96.0,20.9,93,40,58.5916818556242,2.9296875,10.7421875,NVIDIA A10,4Gen-16xlanes,7574.5,23028.0,0,P0,69
2023-07-23 02:33:29,0,29.5,21.0,100,57,58.74446610121691,11645.5078125,11814.453125,NVIDIA A10,4Gen-16xlanes,7574.5,23028.0,0,P0,68
2023-07-23 02:33:31,0,57.4,21.1,100,50,58.96946280032271,8174.8046875,11814.453125,NVIDIA A10,4Gen-16xlanes,7574.5,23028.0,0,P0,69
2023-07-23 02:33:32,0,61.1,21.2,100,58,59.264376995088156,7.8125,2041.9921875,NVIDIA A10,4Gen-16xlanes,7574.5,23028.0,0,P0,69
2023-07-23 02:33:33,0,35.7,21.2,100,48,59.347095390225945,19.53125,12.6953125,NVIDIA A10,4Gen-16xlanes,7574.5,23028.0,0,P0,70
2023-07-23 02:33:34,0,86.2,21.3,100,54,59.72583912726931,1571.2890625,18.5546875,NVIDIA A10,4Gen-16xlanes,7574.5,23028.0,0,P0,70
2023-07-23 02:33:35,0,21.7,21.4,100,63,59.82210019586164,2.9296875,29.296875,NVIDIA A10,4Gen-16xlanes,7574.5,23028.0,0,P0,70
2023-07-23 02:33:36,0,67.8,21.4,100,46,60.1034444683326,3.90625,12.6953125,NVIDIA A10,4Gen-16xlanes,7574.5,23028.0,0,P0,70
2023-07-23 02:33:37,0,51.2,21.5,79,51,60.36584171409252,5842.7734375,2119.140625,NVIDIA A10,4Gen-16xlanes,7574.5,23028.0,0,P0,70
2023-07-23 02:33:39,0,39.4,21.6,100,42,60.48124055127552,4708.0078125,10702.1484375,NVIDIA A10,4Gen-16xlanes,7574.5,23028.0,0,P0,70
2023-07-23 02:33:40,0,83.1,21.7,100,52,60.85979960173701,2.9296875,5.859375,NVIDIA A10,4Gen-16xlanes,7574.5,23028.0,0,P0,70
2023-07-23 02:33:41,0,20.0,21.7,100,58,60.95224583273651,1041.9921875,19.53125,NVIDIA A10,4Gen-16xlanes,7574.5,23028.0,0,P0,71
2023-07-23 02:33:42,0,75.1,21.8,97,45,61.23587900776317,2239.2578125,17.578125,NVIDIA A10,4Gen-16xlanes,7574.5,23028.0,0,P0,71
2023-07-23 02:33:43,0,43.5,21.9,100,58,61.48009219433061,8.7890625,22.4609375,NVIDIA A10,4Gen-16xlanes,7574.5,23028.0,0,P0,71
2023-07-23 02:33:44,0,48.1,21.9,100,47,61.61348434882645,3.90625,12.6953125,NVIDIA A10,4Gen-16xlanes,7574.5,23028.0,0,P0,71
2023-07-23 02:33:45,0,73.0,22.1,94,53,61.986639046031435,1372.0703125,13.671875,NVIDIA A10,4Gen-16xlanes,7574.5,23028.0,0,P0,72
2023-07-23 02:33:46,0,22.5,22.1,100,44,62.03381587092939,5.859375,665.0390625,NVIDIA A10,4Gen-16xlanes,7574.5,23028.0,0,P0,71
2023-07-23 02:33:48,0,86.1,22.2,100,45,62.366403100748435,2.9296875,10.7421875,NVIDIA A10,4Gen-16xlanes,7574.5,23028.0,0,P0,72
2023-07-23 02:33:49,0,32.5,22.2,100,63,62.53323866480805,877.9296875,11.71875,NVIDIA A10,4Gen-16xlanes,7574.5,23028.0,0,P0,72
2023-07-23 02:33:50,0,67.1,22.3,100,46,62.74362695805244,2.9296875,10.7421875,NVIDIA A10,4Gen-16xlanes,7574.5,23028.0,0,P0,72
2023-07-23 02:33:51,0,56.8,22.4,89,58,63.02719655245255,1316.40625,16.6015625,NVIDIA A10,4Gen-16xlanes,7574.5,23028.0,0,P0,72
2023-07-23 02:33:52,0,35.8,22.4,100,46,63.12046933159716,11639.6484375,17082.03125,NVIDIA A10,4Gen-16xlanes,7574.5,23028.0,0,P0,70
2023-07-23 02:33:53,0,81.5,22.6,100,62,63.4978839307808,2.9296875,11.71875,NVIDIA A10,4Gen-16xlanes,7574.5,23028.0,0,P0,71
2023-07-23 02:33:54,0,20.9,22.6,100,57,63.58015726153276,440.4296875,13.671875,NVIDIA A10,4Gen-16xlanes,7574.5,23028.0,0,P0,72
2023-07-23 02:33:55,0,73.7,22.7,100,43,63.875107788084804,3.90625,11.71875,NVIDIA A10,4Gen-16xlanes,7574.5,23028.0,0,P0,72
2023-07-23 02:33:56,0,43.0,22.8,88,51,64.07771805134826,8.7890625,17.578125,NVIDIA A10,4Gen-16xlanes,7574.5,23028.0,0,P0,72
2023-07-23 02:33:58,0,47.8,22.8,100,42,64.25173822620769,3.90625,14.6484375,NVIDIA A10,4Gen-16xlanes,7574.5,23028.0,0,P0,72
2023-07-23 02:33:59,0,71.3,22.9,99,58,64.62037869892784,1316.40625,13.671875,NVIDIA A10,4Gen-16xlanes,7574.5,23028.0,0,P0,73
2023-07-23 02:34:00,0,20.5,23.0,100,45,64.67111603891243,5.859375,726.5625,NVIDIA A10,4Gen-16xlanes,7574.5,23028.0,0,P0,72
2023-07-23 02:34:01,0,87.0,23.1,100,47,65.00733039209355,3.90625,12.6953125,NVIDIA A10,4Gen-16xlanes,7574.5,23028.0,0,P0,72
2023-07-23 02:34:02,0,28.2,23.1,100,58,65.14555467420696,1707.03125,15.625,NVIDIA A10,4Gen-16xlanes,7574.5,23028.0,0,P0,72
2023-07-23 02:34:03,0,64.0,23.2,100,44,65.38455424939755,2.9296875,10.7421875,NVIDIA A10,4Gen-16xlanes,7574.5,23028.0,0,P0,73
2023-07-23 02:34:04,0,53.8,23.3,92,58,65.65383334106897,332.03125,10.7421875,NVIDIA A10,4Gen-16xlanes,7574.5,23028.0,0,P0,73
2023-07-23 02:34:05,0,40.3,23.3,100,49,65.76350992186273,2.9296875,1206.0546875,NVIDIA A10,4Gen-16xlanes,7574.5,23028.0,0,P0,72
2023-07-23 02:34:06,0,79.9,23.5,98,61,66.14035229540745,2.9296875,10.7421875,NVIDIA A10,4Gen-16xlanes,7574.5,23028.0,0,P0,73
2023-07-23 02:34:08,0,18.4,23.5,100,61,66.22987381758578,4253.90625,83.984375,NVIDIA A10,4Gen-16xlanes,7574.5,23028.0,0,P0,73
2023-07-23 02:34:09,0,80.9,23.6,100,37,66.51813324010597,10082.03125,11817.3828125,NVIDIA A10,4Gen-16xlanes,7574.5,23028.0,0,P0,72
2023-07-23 02:34:10,0,40.8,23.6,100,61,66.72324434134694,830.078125,51.7578125,NVIDIA A10,4Gen-16xlanes,7574.5,23028.0,0,P0,72
2023-07-23 02:34:11,0,48.7,23.7,100,43,66.89669229056746,3.90625,16.6015625,NVIDIA A10,4Gen-16xlanes,7574.5,23028.0,0,P0,73
2023-07-23 02:34:12,0,69.4,23.8,96,55,67.24867463913226,878.90625,13.671875,NVIDIA A10,4Gen-16xlanes,7574.5,23028.0,0,P0,73
2023-07-23 02:34:13,0,21.6,23.8,100,39,67.27296243847326,3.90625,32.2265625,NVIDIA A10,4Gen-16xlanes,7574.5,23028.0,0,P0,73
2023-07-23 02:34:14,0,93.7,24.0,100,46,67.65037098235914,3.90625,14.6484375,NVIDIA A10,4Gen-16xlanes,7574.5,23028.0,0,P0,73
2023-07-23 02:34:15,0,27.5,24.0,100,58,67.7897397157504,11079.1015625,8632.8125,NVIDIA A10,4Gen-16xlanes,7574.5,23028.0,0,P0,72
2023-07-23 02:34:16,0,64.7,24.1,100,47,68.02744345721898,3.90625,14.6484375,NVIDIA A10,4Gen-16xlanes,7574.5,23028.0,0,P0,73
2023-07-23 02:34:18,0,52.0,24.2,100,58,68.30738895590589,933.59375,10.7421875,NVIDIA A10,4Gen-16xlanes,7574.5,23028.0,0,P0,73
2023-07-23 02:34:19,0,36.4,24.2,100,42,68.40447657264333,9517.578125,14751.953125,NVIDIA A10,4Gen-16xlanes,7574.5,23028.0,0,P0,72
2023-07-23 02:34:20,0,81.7,24.3,99,62,68.78303562310482,2.9296875,10.7421875,NVIDIA A10,4Gen-16xlanes,7574.5,23028.0,0,P0,73
2023-07-23 02:34:21,0,20.1,24.4,100,60,68.87681704726181,1042.96875,10.7421875,NVIDIA A10,4Gen-16xlanes,7574.5,23028.0,0,P0,73
2023-07-23 02:34:22,0,70.9,24.5,100,42,69.16025948040883,3.90625,12.6953125,NVIDIA A10,4Gen-16xlanes,7574.5,23028.0,0,P0,73
2023-07-23 02:34:23,0,45.6,24.5,99,59,69.39760595930919,2092.7734375,14.6484375,NVIDIA A10,4Gen-16xlanes,7574.5,23028.0,0,P0,73
2023-07-23 02:34:24,0,52.4,24.6,100,42,69.53710185395354,5.859375,3.90625,NVIDIA A10,4Gen-16xlanes,7574.5,23028.0,0,P0,72
2023-07-23 02:34:25,0,58.6,24.7,100,58,69.81111921612717,306.640625,52.734375,NVIDIA A10,4Gen-16xlanes,7574.5,23028.0,0,P0,73
2023-07-23 02:34:27,0,36.2,24.7,100,47,69.91583650805026,2.9296875,3710.9375,NVIDIA A10,4Gen-16xlanes,7574.5,23028.0,0,P0,73
2023-07-23 02:34:28,0,75.2,24.8,100,64,70.2932511072339,167.96875,10.7421875,NVIDIA A10,4Gen-16xlanes,7574.5,23028.0,0,P0,73
2023-07-23 02:34:29,0,20.1,24.9,100,52,70.342653254061,7454.1015625,3576.171875,NVIDIA A10,4Gen-16xlanes,7574.5,23028.0,0,P0,73
2023-07-23 02:34:30,0,85.6,25.0,100,58,70.67009348077862,4.8828125,10.7421875,NVIDIA A10,4Gen-16xlanes,7574.5,23028.0,0,P0,73
2023-07-23 02:34:31,0,29.1,25.0,95,62,70.82535737080667,8110.3515625,5790.0390625,NVIDIA A10,4Gen-16xlanes,7574.5,23028.0,0,P0,73
2023-07-23 02:34:32,0,61.2,25.1,100,47,71.04696310316329,2.9296875,10.7421875,NVIDIA A10,4Gen-16xlanes,7574.5,23028.0,0,P0,73
2023-07-23 02:34:33,0,57.4,25.2,98,59,71.3298121171292,604.4921875,23.4375,NVIDIA A10,4Gen-16xlanes,7574.5,23028.0,0,P0,73
2023-07-23 02:34:34,0,34.9,25.2,100,40,71.42473799256403,8504.8828125,17125.0,NVIDIA A10,4Gen-16xlanes,7574.5,23028.0,0,P0,72
2023-07-23 02:34:35,0,82.3,25.3,100,56,71.80255526904914,2.9296875,10.7421875,NVIDIA A10,4Gen-16xlanes,7574.5,23028.0,0,P0,73
2023-07-23 02:34:37,0,22.0,25.4,100,62,71.8925218556133,1260.7421875,12.6953125,NVIDIA A10,4Gen-16xlanes,7574.5,23028.0,0,P0,74
2023-07-23 02:34:38,0,74.1,25.5,100,43,72.17939764259386,306.640625,13.671875,NVIDIA A10,4Gen-16xlanes,7574.5,23028.0,0,P0,74
2023-07-23 02:34:39,0,42.1,25.5,100,62,72.38889580706659,8.7890625,24.4140625,NVIDIA A10,4Gen-16xlanes,7574.5,23028.0,0,P0,73
2023-07-23 02:34:40,0,50.0,25.6,100,47,72.55566779049965,3.90625,13.671875,NVIDIA A10,4Gen-16xlanes,7574.5,23028.0,0,P0,74
2023-07-23 02:34:41,0,71.8,25.7,99,61,72.93253135758656,768.5546875,11.71875,NVIDIA A10,4Gen-16xlanes,7574.5,23028.0,0,P0,74
2023-07-23 02:34:42,0,19.3,25.7,100,46,72.98784650268254,8361.328125,9281.25,NVIDIA A10,4Gen-16xlanes,7574.5,23028.0,0,P0,73
2023-07-23 02:34:43,0,84.6,25.8,100,46,73.31147189180733,2.9296875,11.71875,NVIDIA A10,4Gen-16xlanes,7574.5,23028.0,0,P0,74
2023-07-23 02:34:44,0,39.6,25.9,100,59,73.5244034101136,578.125,15.625,NVIDIA A10,4Gen-16xlanes,7574.5,23028.0,0,P0,74
2023-07-23 02:34:46,0,46.3,26.0,100,38,73.68774203971313,3.90625,10.7421875,NVIDIA A10,4Gen-16xlanes,7574.5,23028.0,0,P0,74
2023-07-23 02:34:47,0,73.1,26.1,81,48,74.06604676766842,804.6875,44.921875,NVIDIA A10,4Gen-16xlanes,7574.5,23028.0,0,P0,74
2023-07-23 02:34:48,0,22.2,26.1,100,63,74.12047178399276,8.7890625,16.6015625,NVIDIA A10,4Gen-16xlanes,7574.5,23028.0,0,P0,73
2023-07-23 02:34:49,0,88.6,26.2,87,40,74.44314346371934,3.90625,10.7421875,NVIDIA A10,4Gen-16xlanes,7574.5,23028.0,0,P0,74
2023-07-23 02:34:50,0,28.6,26.3,100,60,74.58289368086989,1441.40625,13.671875,NVIDIA A10,4Gen-16xlanes,7574.5,23028.0,0,P0,74
2023-07-23 02:34:51,0,60.9,26.3,100,40,74.82074880478262,3.90625,18.5546875,NVIDIA A10,4Gen-16xlanes,7574.5,23028.0,0,P0,73
2023-07-23 02:34:52,0,60.6,26.4,100,62,75.12631729596802,281.25,26.3671875,NVIDIA A10,4Gen-16xlanes,7574.5,23028.0,0,P0,73
2023-07-23 02:34:54,0,30.2,26.5,100,33,75.19949859712375,3.90625,10.7421875,NVIDIA A10,4Gen-16xlanes,7574.5,23028.0,0,P0,74
2023-07-23 02:34:55,0,86.1,26.6,52,31,75.56902919861555,166.9921875,10.7421875,NVIDIA A10,4Gen-16xlanes,7574.5,23028.0,0,P0,73
2023-07-23 02:34:56,0,21.0,26.6,100,46,75.61131031526938,12389.6484375,11577.1484375,NVIDIA A10,4Gen-16xlanes,7574.5,23028.0,0,P0,73
2023-07-23 02:34:57,0,82.2,26.7,100,48,75.95337408609284,2.9296875,5.859375,NVIDIA A10,4Gen-16xlanes,7574.5,23028.0,0,P0,74
2023-07-23 02:34:58,0,37.9,26.8,100,62,76.14246286944393,1645.5078125,10.7421875,NVIDIA A10,4Gen-16xlanes,7574.5,23028.0,0,P0,74
2023-07-23 02:34:59,0,59.9,26.9,100,49,76.33040720151719,5437.5,9033.203125,NVIDIA A10,4Gen-16xlanes,7574.5,23028.0,0,P0,73
2023-07-23 02:35:00,0,59.6,26.9,100,60,76.61302308651909,609.375,16.6015625,NVIDIA A10,4Gen-16xlanes,7574.5,23028.0,0,P0,74
2023-07-23 02:35:01,0,37.4,27.0,100,47,76.70820328446011,4.8828125,5360.3515625,NVIDIA A10,4Gen-16xlanes,8976.5,23028.0,0,P0,73
2023-07-23 02:35:02,0,22.9,27.0,89,54,76.72155521603501,905.2734375,12653.3203125,NVIDIA A10,4Gen-16xlanes,9244.5,23028.0,0,P0,73
2023-07-23 02:35:04,0,51.7,27.0,88,51,76.72289949213915,620.1171875,42.96875,NVIDIA A10,4Gen-16xlanes,9244.5,23028.0,0,P0,74
2023-07-23 02:35:05,0,51.8,27.0,92,61,76.72306298517884,287.109375,3334.9609375,NVIDIA A10,4Gen-16xlanes,9244.5,23028.0,0,P0,73
2023-07-23 02:35:06,0,51.7,27.0,91,56,76.72416202172344,5.859375,43.9453125,NVIDIA A10,4Gen-16xlanes,9244.5,23028.0,0,P0,73
2023-07-23 02:35:07,0,51.7,27.0,90,58,76.72614210409306,817.3828125,21.484375,NVIDIA A10,4Gen-16xlanes,9244.5,23028.0,0,P0,74
2023-07-23 02:35:08,0,51.8,27.0,92,61,76.72728958301978,412.109375,5884.765625,NVIDIA A10,4Gen-16xlanes,9244.5,23028.0,0,P0,72
2023-07-23 02:35:09,0,51.7,27.0,89,50,76.72776189624557,5.859375,22.4609375,NVIDIA A10,4Gen-16xlanes,9244.5,23028.0,0,P0,74
2023-07-23 02:35:10,0,51.6,27.0,93,56,76.72947251786456,169.921875,9868.1640625,NVIDIA A10,4Gen-16xlanes,9244.5,23028.0,0,P0,72
2023-07-23 02:35:11,0,51.9,27.0,88,49,76.73131332838555,938.4765625,1803.7109375,NVIDIA A10,4Gen-16xlanes,9244.5,23028.0,0,P0,73
2023-07-23 02:35:12,0,52.0,27.0,92,62,76.73326313426632,559.5703125,3000.0,NVIDIA A10,4Gen-16xlanes,9244.5,23028.0,0,P0,73
2023-07-23 02:35:14,0,51.9,27.0,92,58,76.73526138252923,6.8359375,43.9453125,NVIDIA A10,4Gen-16xlanes,9244.5,23028.0,0,P0,73
2023-07-23 02:35:15,0,51.7,27.0,89,54,76.73746551091621,833.984375,46.875,NVIDIA A10,4Gen-16xlanes,9244.5,23028.0,0,P0,73
2023-07-23 02:35:16,0,51.8,27.0,93,56,76.73956367159226,5.859375,7672.8515625,NVIDIA A10,4Gen-16xlanes,9244.5,23028.0,0,P0,73
2023-07-23 02:35:17,0,51.9,27.0,88,50,76.74237938505362,599.609375,4875.9765625,NVIDIA A10,4Gen-16xlanes,9244.5,23028.0,0,P0,73
2023-07-23 02:35:18,0,51.6,27.0,92,60,76.74432313563665,1875.0,2251.953125,NVIDIA A10,4Gen-16xlanes,9244.5,23028.0,0,P0,72
2023-07-23 02:35:19,0,51.5,27.0,91,55,76.74675131004096,32.2265625,43.9453125,NVIDIA A10,4Gen-16xlanes,9244.5,23028.0,0,P0,73
2023-07-23 02:35:20,0,51.7,27.0,90,58,76.74961243823559,40.0390625,5367.1875,NVIDIA A10,4Gen-16xlanes,9244.5,23028.0,0,P0,73
2023-07-23 02:35:21,0,51.9,27.0,92,61,76.75190134079128,411.1328125,4760.7421875,NVIDIA A10,4Gen-16xlanes,9244.5,23028.0,0,P0,72
2023-07-23 02:35:23,0,47.2,27.0,92,77,76.75393894848968,162.109375,6887.6953125,NVIDIA A10,4Gen-16xlanes,9244.5,23028.0,0,P0,72
2023-07-23 02:35:24,0,51.9,27.0,95,66,76.75689696144855,482.421875,5735.3515625,NVIDIA A10,4Gen-16xlanes,9244.5,23028.0,0,P0,73
2023-07-23 02:35:25,0,51.8,27.0,95,76,76.75918586400425,768.5546875,2928.7109375,NVIDIA A10,4Gen-16xlanes,9244.5,23028.0,0,P0,72
2023-07-23 02:35:26,0,52.1,27.0,93,63,76.76203790925221,32.2265625,16.6015625,NVIDIA A10,4Gen-16xlanes,9244.5,23028.0,0,P0,73
2023-07-23 02:35:27,0,52.0,27.0,95,66,76.76462352139846,801.7578125,46.875,NVIDIA A10,4Gen-16xlanes,9244.5,23028.0,0,P0,73
2023-07-23 02:35:28,0,52.0,27.0,95,76,76.76663993555468,353.515625,10214.84375,NVIDIA A10,4Gen-16xlanes,9244.5,23028.0,0,P0,72
2023-07-23 02:35:29,0,51.7,27.0,93,64,76.76936179190066,1152.34375,45.8984375,NVIDIA A10,4Gen-16xlanes,9244.5,23028.0,0,P0,73
2023-07-23 02:35:30,0,51.9,27.0,96,67,76.77241366197494,254.8828125,48.828125,NVIDIA A10,4Gen-16xlanes,9244.5,23028.0,0,P0,73
2023-07-23 02:35:32,0,52.0,27.0,92,77,76.77470256453063,798.828125,16230.46875,NVIDIA A10,4Gen-16xlanes,9244.5,23028.0,0,P0,72
2023-07-23 02:35:33,0,51.8,27.0,93,64,76.77756369272525,32.2265625,43.9453125,NVIDIA A10,4Gen-16xlanes,9244.5,23028.0,0,P0,73
2023-07-23 02:35:34,0,51.9,27.0,95,71,76.78042482091986,4.8828125,6706.0546875,NVIDIA A10,4Gen-16xlanes,9244.5,23028.0,0,P0,73
2023-07-23 02:35:35,0,51.8,27.0,91,77,76.7829044653552,1919.921875,321.2890625,NVIDIA A10,4Gen-16xlanes,9244.5,23028.0,0,P0,72
2023-07-23 02:35:36,0,52.0,27.0,92,78,76.78576559354983,5.859375,20.5078125,NVIDIA A10,4Gen-16xlanes,9244.5,23028.0,0,P0,72
2023-07-23 02:35:37,0,52.0,27.0,95,76,76.78862672174445,285.15625,4012.6953125,NVIDIA A10,4Gen-16xlanes,9244.5,23028.0,0,P0,72
2023-07-23 02:35:38,0,52.1,27.0,92,77,76.79083085013141,412.109375,5395.5078125,NVIDIA A10,4Gen-16xlanes,9244.5,23028.0,0,P0,72
2023-07-23 02:35:39,0,52.0,27.0,96,65,76.79369197832602,1071.2890625,732.421875,NVIDIA A10,4Gen-16xlanes,9244.5,23028.0,0,P0,72
2023-07-23 02:35:41,0,51.7,27.0,95,76,76.79636236464101,83.984375,3727.5390625,NVIDIA A10,4Gen-16xlanes,9244.5,23028.0,0,P0,72
2023-07-23 02:35:42,0,51.9,27.0,92,76,76.79868154368553,3.90625,6544.921875,NVIDIA A10,4Gen-16xlanes,9244.5,23028.0,0,P0,72
2023-07-23 02:35:43,0,47.6,27.0,92,55,76.80097044624124,412.109375,4842.7734375,NVIDIA A10,4Gen-16xlanes,9244.5,23028.0,0,P0,72
2023-07-23 02:35:44,0,51.9,27.0,89,50,76.8040223163155,44.921875,321.2890625,NVIDIA A10,4Gen-16xlanes,9244.5,23028.0,0,P0,72
2023-07-23 02:35:45,0,51.8,27.0,93,63,76.80650196075084,884.765625,17005.859375,NVIDIA A10,4Gen-16xlanes,9244.5,23028.0,0,P0,72
2023-07-23 02:35:46,0,52.1,27.0,92,57,76.80935097834991,6.8359375,43.9453125,NVIDIA A10,4Gen-16xlanes,9244.5,23028.0,0,P0,72
2023-07-23 02:35:47,0,51.9,27.0,90,56,76.81221210654454,605.46875,1338.8671875,NVIDIA A10,4Gen-16xlanes,9244.5,23028.0,0,P0,72
2023-07-23 02:35:48,0,52.0,27.0,93,57,76.81453734088683,1952.1484375,396.484375,NVIDIA A10,4Gen-16xlanes,9244.5,23028.0,0,P0,71
2023-07-23 02:35:50,0,51.8,27.0,89,50,76.81739846908145,5.859375,43.9453125,NVIDIA A10,4Gen-16xlanes,9244.5,23028.0,0,P0,72
2023-07-23 02:35:51,0,51.9,27.0,92,60,76.82025959727608,391.6015625,2683.59375,NVIDIA A10,4Gen-16xlanes,9244.5,23028.0,0,P0,72
2023-07-23 02:35:52,0,51.9,27.0,91,53,76.8227392417114,283.203125,7335.9375,NVIDIA A10,4Gen-16xlanes,9244.5,23028.0,0,P0,71
2023-07-23 02:35:53,0,51.9,27.0,92,60,76.82560339755491,45.8984375,10007.8125,NVIDIA A10,4Gen-16xlanes,9244.5,23028.0,0,P0,72
2023-07-23 02:35:54,0,51.8,27.0,96,65,76.82797101898157,1923.828125,21.484375,NVIDIA A10,4Gen-16xlanes,9244.5,23028.0,0,P0,72
2023-07-23 02:35:55,0,51.9,27.0,88,50,76.83049607815016,6.8359375,43.9453125,NVIDIA A10,4Gen-16xlanes,9244.5,23028.0,0,P0,72
2023-07-23 02:35:56,0,51.9,27.0,92,63,76.83354794822442,384.765625,3247.0703125,NVIDIA A10,4Gen-16xlanes,9244.5,23028.0,0,P0,72
2023-07-23 02:35:57,0,51.7,27.0,88,49,76.83565821949601,414.0625,5636.71875,NVIDIA A10,4Gen-16xlanes,9244.5,23028.0,0,P0,71
2023-07-23 02:35:59,0,51.6,27.0,92,60,76.83849209885068,1181.640625,21.484375,NVIDIA A10,4Gen-16xlanes,9244.5,23028.0,0,P0,72
2023-07-23 02:36:00,0,51.8,27.0,96,65,76.84078100140637,5.859375,4924.8046875,NVIDIA A10,4Gen-16xlanes,9244.5,23028.0,0,P0,71
2023-07-23 02:36:01,0,51.7,27.0,90,58,76.843642129601,6.8359375,43.9453125,NVIDIA A10,4Gen-16xlanes,9244.5,23028.0,0,P0,72
2023-07-23 02:36:02,0,52.0,27.0,96,65,76.84669399967525,317.3828125,3818.359375,NVIDIA A10,4Gen-16xlanes,9244.5,23028.0,0,P0,72
2023-07-23 02:36:03,0,47.6,27.0,92,77,76.84898290223094,417.96875,47.8515625,NVIDIA A10,4Gen-16xlanes,9244.5,23028.0,0,P0,72
2023-07-23 02:36:04,0,51.9,27.0,92,78,76.85125061124447,1308.59375,10266.6015625,NVIDIA A10,4Gen-16xlanes,9244.5,23028.0,0,P0,72
2023-07-23 02:36:05,0,51.9,27.0,92,63,76.85392099755944,597.65625,43.9453125,NVIDIA A10,4Gen-16xlanes,9244.5,23028.0,0,P0,72
2023-07-23 02:36:06,0,52.0,27.0,92,76,76.85640064199478,347.65625,3615.234375,NVIDIA A10,4Gen-16xlanes,9244.5,23028.0,0,P0,72
2023-07-23 02:36:08,0,51.9,27.0,93,78,76.85907102830976,4.8828125,6724.609375,NVIDIA A10,4Gen-16xlanes,9244.5,23028.0,0,P0,71
2023-07-23 02:36:09,0,51.8,27.0,95,76,76.86212289838402,426.7578125,48.828125,NVIDIA A10,4Gen-16xlanes,9244.5,23028.0,0,P0,72
2023-07-23 02:36:10,0,51.9,27.0,92,76,76.86441180093972,536.1328125,11530.2734375,NVIDIA A10,4Gen-16xlanes,9244.5,23028.0,0,P0,71
2023-07-23 02:36:11,0,52.0,27.0,91,75,76.8670821872547,5.859375,43.9453125,NVIDIA A10,4Gen-16xlanes,9244.5,23028.0,0,P0,72
2023-07-23 02:36:12,0,52.0,27.0,92,77,76.87013405732895,396.484375,2798.828125,NVIDIA A10,4Gen-16xlanes,9244.5,23028.0,0,P0,72
2023-07-23 02:36:13,0,52.0,27.0,91,76,76.87242295988464,114.2578125,7841.796875,NVIDIA A10,4Gen-16xlanes,9244.5,23028.0,0,P0,71
2023-07-23 02:36:14,0,51.9,27.0,96,72,76.87528408807927,1155.2734375,21.484375,NVIDIA A10,4Gen-16xlanes,9244.5,23028.0,0,P0,72
2023-07-23 02:36:15,0,52.1,27.0,92,77,76.87795447439424,94.7265625,3651.3671875,NVIDIA A10,4Gen-16xlanes,9244.5,23028.0,0,P0,71
2023-07-23 02:36:17,0,52.4,27.0,92,78,76.88043411882958,6.8359375,5001.953125,NVIDIA A10,4Gen-16xlanes,9244.5,23028.0,0,P0,72
2023-07-23 02:36:18,0,52.0,27.0,96,76,76.88329524702421,166.9921875,48.828125,NVIDIA A10,4Gen-16xlanes,9244.5,23028.0,0,P0,72
2023-07-23 02:36:19,0,52.1,27.0,92,77,76.88577489145955,908.203125,16582.03125,NVIDIA A10,4Gen-16xlanes,9244.5,23028.0,0,P0,71
2023-07-23 02:36:20,0,51.9,27.0,96,65,76.88844527777452,758.7890625,43.9453125,NVIDIA A10,4Gen-16xlanes,9244.5,23028.0,0,P0,72
2023-07-23 02:36:21,0,52.0,27.0,95,76,76.8911156640895,297.8515625,3392.578125,NVIDIA A10,4Gen-16xlanes,9244.5,23028.0,0,P0,72
2023-07-23 02:36:22,0,50.9,27.0,92,60,76.89378605040449,32.2265625,52.734375,NVIDIA A10,4Gen-16xlanes,9244.5,23028.0,0,P0,72
2023-07-23 02:36:23,0,48.7,27.0,92,56,76.89588421108053,414.0625,5711.9140625,NVIDIA A10,4Gen-16xlanes,9244.5,23028.0,0,P0,71
2023-07-23 02:36:24,0,51.7,27.0,89,50,76.8989360811548,113.28125,47.8515625,NVIDIA A10,4Gen-16xlanes,9244.5,23028.0,0,P0,72
2023-07-23 02:36:25,0,51.6,27.0,92,64,76.90122498371049,84.9609375,7797.8515625,NVIDIA A10,4Gen-16xlanes,9244.5,23028.0,0,P0,71
2023-07-23 02:36:27,0,51.9,27.0,91,56,76.90395289535425,625.0,4415.0390625,NVIDIA A10,4Gen-16xlanes,9244.5,23028.0,0,P0,72
2023-07-23 02:36:28,0,51.9,27.1,92,68,76.90643253978959,468.75,2968.75,NVIDIA A10,4Gen-16xlanes,9244.5,23028.0,0,P0,71
2023-07-23 02:36:29,0,51.8,27.0,92,61,76.90929366798422,31.25,43.9453125,NVIDIA A10,4Gen-16xlanes,9244.5,23028.0,0,P0,72
2023-07-23 02:36:30,0,51.9,27.1,93,76,76.91208213260563,814.453125,50.78125,NVIDIA A10,4Gen-16xlanes,9244.5,23028.0,0,P0,71
2023-07-23 02:36:31,0,52.1,27.1,92,55,76.91437103516132,794.921875,20.5078125,NVIDIA A10,4Gen-16xlanes,9244.5,23028.0,0,P0,71
2023-07-23 02:36:32,0,52.0,27.0,89,51,76.91729877163138,273.4375,47.8515625,NVIDIA A10,4Gen-16xlanes,9244.5,23028.0,0,P0,72
2023-07-23 02:36:33,0,52.0,27.1,92,61,76.91958767418707,305.6640625,9993.1640625,NVIDIA A10,4Gen-16xlanes,9244.5,23028.0,0,P0,71
2023-07-23 02:36:34,0,51.5,27.1,92,54,76.92229439228865,18.5546875,10006.8359375,NVIDIA A10,4Gen-16xlanes,9244.5,23028.0,0,P0,72
2023-07-23 02:36:35,0,52.0,27.1,93,68,76.92477403672399,1861.328125,2668.9453125,NVIDIA A10,4Gen-16xlanes,9244.5,23028.0,0,P0,71
2023-07-23 02:36:37,0,52.7,27.1,93,61,76.92744442303896,5.859375,44.921875,NVIDIA A10,4Gen-16xlanes,9244.5,23028.0,0,P0,72
2023-07-23 02:36:38,0,52.1,27.1,89,51,76.93049629311322,807.6171875,22.4609375,NVIDIA A10,4Gen-16xlanes,9244.5,23028.0,0,P0,72
2023-07-23 02:36:39,0,51.9,27.1,93,56,76.93259445378928,146.484375,7326.171875,NVIDIA A10,4Gen-16xlanes,9244.5,23028.0,0,P0,71
2023-07-23 02:36:40,0,51.9,27.1,88,50,76.93564632386354,6.8359375,9842.7734375,NVIDIA A10,4Gen-16xlanes,9244.5,23028.0,0,P0,72
2023-07-23 02:36:41,0,52.0,27.1,92,63,76.93788375638823,1711.9140625,23.4375,NVIDIA A10,4Gen-16xlanes,9244.5,23028.0,0,P0,71
2023-07-23 02:36:42,0,51.8,27.1,91,54,76.94074488458284,32.2265625,44.921875,NVIDIA A10,4Gen-16xlanes,9244.5,23028.0,0,P0,72
2023-07-23 02:36:43,0,47.1,27.1,91,76,76.94303378713855,32.2265625,15.625,NVIDIA A10,4Gen-16xlanes,9244.5,23028.0,0,P0,71
2023-07-23 02:36:44,0,51.8,27.1,96,72,76.94597666185301,807.6171875,23.4375,NVIDIA A10,4Gen-16xlanes,9244.5,23028.0,0,P0,72
2023-07-23 02:36:45,0,51.6,27.1,92,77,76.94807482252907,125.9765625,6956.0546875,NVIDIA A10,4Gen-16xlanes,9244.5,23028.0,0,P0,71
2023-07-23 02:36:47,0,51.8,27.1,96,65,76.95112669260332,48.828125,6490.234375,NVIDIA A10,4Gen-16xlanes,9244.5,23028.0,0,P0,71
2023-07-23 02:36:48,0,52.0,27.1,95,76,76.95398782079795,399.4140625,2666.015625,NVIDIA A10,4Gen-16xlanes,9244.5,23028.0,0,P0,71
2023-07-23 02:36:49,0,51.8,27.1,92,76,76.95627672335364,3.90625,6004.8828125,NVIDIA A10,4Gen-16xlanes,9244.5,23028.0,0,P0,72
2023-07-23 02:36:50,0,51.7,27.1,95,65,76.95913785154826,210.9375,47.8515625,NVIDIA A10,4Gen-16xlanes,9244.5,23028.0,0,P0,72
2023-07-23 02:36:51,0,51.8,27.1,93,76,76.96142675410395,797.8515625,15119.140625,NVIDIA A10,4Gen-16xlanes,9244.5,23028.0,0,P0,71
2023-07-23 02:36:52,0,52.0,27.1,93,64,76.96447862417821,1183.59375,45.8984375,NVIDIA A10,4Gen-16xlanes,9244.5,23028.0,0,P0,72
2023-07-23 02:36:53,0,52.1,27.1,95,71,76.96733975237284,259.765625,48.828125,NVIDIA A10,4Gen-16xlanes,9244.5,23028.0,0,P0,71
2023-07-23 02:36:55,0,51.7,27.1,92,77,76.96962865492853,323.2421875,10960.9375,NVIDIA A10,4Gen-16xlanes,9244.5,23028.0,0,P0,71
2023-07-23 02:36:56,0,51.9,27.1,96,65,76.97252914255863,1182.6171875,43.9453125,NVIDIA A10,4Gen-16xlanes,9244.5,23028.0,0,P0,72
2023-07-23 02:36:57,0,51.9,27.1,95,76,76.97531760718006,83.984375,4185.546875,NVIDIA A10,4Gen-16xlanes,9244.5,23028.0,0,P0,71
2023-07-23 02:36:58,0,52.1,27.1,92,76,76.9777972516154,3.90625,6623.046875,NVIDIA A10,4Gen-16xlanes,9244.5,23028.0,0,P0,71
2023-07-23 02:36:59,0,51.9,27.1,95,65,76.98065837981001,308.59375,47.8515625,NVIDIA A10,4Gen-16xlanes,9244.5,23028.0,0,P0,72
2023-07-23 02:37:00,0,51.6,27.1,94,76,76.98292003352576,440.4296875,10876.953125,NVIDIA A10,4Gen-16xlanes,9244.5,23028.0,0,P0,71
2023-07-23 02:37:01,0,52.0,27.1,93,64,76.98578116172038,1221.6796875,21.484375,NVIDIA A10,4Gen-16xlanes,9244.5,23028.0,0,P0,72
2023-07-23 02:37:02,0,47.4,27.1,99,88,76.98796409656516,416.9921875,4845.703125,NVIDIA A10,4Gen-16xlanes,9244.5,23028.0,0,P0,72
2023-07-23 02:37:03,0,51.7,27.1,92,77,76.98796409656516,189.453125,3373.046875,NVIDIA A10,4Gen-16xlanes,9244.5,23028.0,0,P0,71
2023-07-23 02:37:05,0,51.6,27.1,93,56,76.98796409656516,796.875,21.484375,NVIDIA A10,4Gen-16xlanes,9244.5,23028.0,0,P0,71
2023-07-23 02:37:06,0,51.7,27.1,89,51,76.98796409656516,242.1875,48.828125,NVIDIA A10,4Gen-16xlanes,9244.5,23028.0,0,P0,72
2023-07-23 02:37:07,0,52.1,27.1,93,61,76.98783390766319,542.96875,3376.953125,NVIDIA A10,4Gen-16xlanes,9244.5,23028.0,0,P0,71
2023-07-23 02:37:08,0,52.0,27.1,92,56,76.98770371876121,5.859375,43.9453125,NVIDIA A10,4Gen-16xlanes,9244.5,23028.0,0,P0,71
2023-07-23 02:37:09,0,51.6,27.1,91,59,76.98770371876121,386.71875,3392.578125,NVIDIA A10,4Gen-16xlanes,9244.5,23028.0,0,P0,71
2023-07-23 02:37:10,0,51.8,27.1,93,62,76.98765830402796,516.6015625,3736.328125,NVIDIA A10,4Gen-16xlanes,9244.5,23028.0,0,P0,71
2023-07-23 02:37:11,0,51.9,27.1,89,52,76.98765830402796,1167.96875,43.9453125,NVIDIA A10,4Gen-16xlanes,9244.5,23028.0,0,P0,72
2023-07-23 02:37:12,0,51.7,27.1,93,65,76.98765830402796,4.8828125,6761.71875,NVIDIA A10,4Gen-16xlanes,9244.5,23028.0,0,P0,71
2023-07-23 02:37:14,0,51.8,27.1,89,50,76.98765830402796,29.296875,20.5078125,NVIDIA A10,4Gen-16xlanes,9244.5,23028.0,0,P0,72
2023-07-23 02:37:15,0,51.9,27.1,92,60,76.98765830402796,78.125,4000.0,NVIDIA A10,4Gen-16xlanes,9244.5,23028.0,0,P0,71
2023-07-23 02:37:16,0,51.8,27.1,89,50,76.98765830402796,78.125,6352.5390625,NVIDIA A10,4Gen-16xlanes,9244.5,23028.0,0,P0,71
2023-07-23 02:37:17,0,51.9,27.1,92,60,76.98765830402796,32.2265625,10007.8125,NVIDIA A10,4Gen-16xlanes,9244.5,23028.0,0,P0,71
2023-07-23 02:37:18,0,51.9,27.1,96,65,76.98765830402796,1704.1015625,4949.21875,NVIDIA A10,4Gen-16xlanes,9244.5,23028.0,0,P0,71
2023-07-23 02:37:19,0,51.7,27.1,90,58,76.98765830402796,31.25,43.9453125,NVIDIA A10,4Gen-16xlanes,9244.5,23028.0,0,P0,72
2023-07-23 02:37:20,0,51.7,27.1,95,65,76.98765830402796,397.4609375,3336.9140625,NVIDIA A10,4Gen-16xlanes,9244.5,23028.0,0,P0,71
2023-07-23 02:37:21,0,51.8,27.1,88,52,76.98765830402796,32.2265625,2764.6484375,NVIDIA A10,4Gen-16xlanes,9244.5,23028.0,0,P0,71
2023-07-23 02:37:23,0,45.0,26.0,91,86,73.75559165118554,0.0,0.0,NVIDIA A10,4Gen-16xlanes,9244.5,23028.0,0,P0,70
2023-07-23 02:37:24,0,3.0,20.0,0,0,55.633366131853684,0.0,0.0,NVIDIA A10,4Gen-16xlanes,9244.5,23028.0,0,P0,68
2023-07-23 02:37:25,0,3.0,18.8,0,0,52.11310666476651,0.0,1.953125,NVIDIA A10,4Gen-16xlanes,9244.5,23028.0,0,P0,67
2023-07-23 02:37:26,0,3.1,18.7,0,0,51.92932837755654,38.0859375,0.0,NVIDIA A10,4Gen-16xlanes,9115.6875,23028.0,0,P0,67
2023-07-23 02:37:27,0,3.1,18.7,0,0,51.866771096331945,0.0,0.0,NVIDIA A10,4Gen-16xlanes,9115.6875,23028.0,0,P0,66
2023-07-23 02:37:30,0,1.8,1.6,0,0,0.600416077675422,0.0,0.0,NVIDIA A10,4Gen-16xlanes,530.375,23028.0,0,P0,65
